city,scenario,target_year,window_start,window_end,hour_index,datetime,temp_C,pressure_hPa,wind_speed_m_s,GHI_W_m2,DHI_W_m2,DNI_W_m2,relative_humidity_percent,specific_humidity_kg_kg,source_file
Phoenix,ssp245,2080,2080-06-30 09:00:00,2080-07-14 08:00:00,0,2080-06-30 09:00:00,36.819,1008.804,2.980,718.806,74.092,849.380,19.329,0.005479,forecast_Phoenix_CMIP6_MPI_0515_ssp245.csv
Phoenix,ssp245,2080,2080-06-30 09:00:00,2080-07-14 08:00:00,1,2080-06-30 10:00:00,38.906,1008.613,2.912,856.072,73.348,888.459,16.839,0.005326,forecast_Phoenix_CMIP6_MPI_0515_ssp245.csv
Phoenix,ssp245,2080,2080-06-30 09:00:00,2080-07-14 08:00:00,2,2080-06-30 11:00:00,40.111,1008.410,3.021,941.945,74.934,905.353,15.478,0.005237,forecast_Phoenix_CMIP6_MPI_0515_ssp245.csv
Phoenix,ssp245,2080,2080-06-30 09:00:00,2080-07-14 08:00:00,3,2080-06-30 12:00:00,41.636,1007.774,3.388,972.880,75.092,912.573,13.971,0.005100,forecast_Phoenix_CMIP6_MPI_0515_ssp245.csv
Phoenix,ssp245,2080,2080-06-30 09:00:00,2080-07-14 08:00:00,4,2080-06-30 13:00:00,42.732,1007.047,3.925,943.144,75.869,905.627,12.928,0.005009,forecast_Phoenix_CMIP6_MPI_0515_ssp245.csv
Phoenix,ssp245,2080,2080-06-30 09:00:00,2080-07-14 08:00:00,5,2080-06-30 14:00:00,43.498,1006.288,4.271,856.864,74.124,888.477,12.231,0.004927,forecast_Phoenix_CMIP6_MPI_0515_ssp245.csv
Phoenix,ssp245,2080,2080-06-30 09:00:00,2080-07-14 08:00:00,6,2080-06-30 15:00:00,43.988,1005.554,4.656,720.382,74.659,850.708,11.771,0.004865,forecast_Phoenix_CMIP6_MPI_0515_ssp245.csv
Phoenix,ssp245,2080,2080-06-30 09:00:00,2080-07-14 08:00:00,7,2080-06-30 16:00:00,44.122,1004.836,5.053,545.223,72.107,788.376,11.476,0.004783,forecast_Phoenix_CMIP6_MPI_0515_ssp245.csv
Phoenix,ssp245,2080,2080-06-30 09:00:00,2080-07-14 08:00:00,8,2080-06-30 17:00:00,44.010,1004.476,5.210,347.091,63.465,683.369,11.446,0.004761,forecast_Phoenix_CMIP6_MPI_0515_ssp245.csv
Phoenix,ssp245,2080,2080-06-30 09:00:00,2080-07-14 08:00:00,9,2080-06-30 18:00:00,43.421,1004.287,5.654,151.416,48.708,474.548,11.797,0.004762,forecast_Phoenix_CMIP6_MPI_0515_ssp245.csv
Phoenix,ssp245,2080,2080-06-30 09:00:00,2080-07-14 08:00:00,10,2080-06-30 19:00:00,42.508,1004.453,5.361,0.000,0.000,0.000,12.386,0.004766,forecast_Phoenix_CMIP6_MPI_0515_ssp245.csv
Phoenix,ssp245,2080,2080-06-30 09:00:00,2080-07-14 08:00:00,11,2080-06-30 20:00:00,40.994,1004.780,4.491,0.000,0.000,0.000,13.653,0.004854,forecast_Phoenix_CMIP6_MPI_0515_ssp245.csv
Phoenix,ssp245,2080,2080-06-30 09:00:00,2080-07-14 08:00:00,12,2080-06-30 21:00:00,39.469,1005.324,3.634,0.000,0.000,0.000,15.314,0.005045,forecast_Phoenix_CMIP6_MPI_0515_ssp245.csv
Phoenix,ssp245,2080,2080-06-30 09:00:00,2080-07-14 08:00:00,13,2080-06-30 22:00:00,38.140,1005.835,3.336,0.000,0.000,0.000,16.971,0.005213,forecast_Phoenix_CMIP6_MPI_0515_ssp245.csv
Phoenix,ssp245,2080,2080-06-30 09:00:00,2080-07-14 08:00:00,14,2080-06-30 23:00:00,37.400,1005.988,3.163,0.000,0.000,0.000,17.824,0.005249,forecast_Phoenix_CMIP6_MPI_0515_ssp245.csv
Phoenix,ssp245,2080,2080-06-30 09:00:00,2080-07-14 08:00:00,15,2080-07-01 00:00:00,37.921,1008.651,3.762,0.000,0.000,0.000,31.767,0.009705,forecast_Phoenix_CMIP6_MPI_0515_ssp245.csv
Phoenix,ssp245,2080,2080-06-30 09:00:00,2080-07-14 08:00:00,16,2080-07-01 01:00:00,37.122,1008.704,3.396,0.000,0.000,0.000,33.502,0.009856,forecast_Phoenix_CMIP6_MPI_0515_ssp245.csv
Phoenix,ssp245,2080,2080-06-30 09:00:00,2080-07-14 08:00:00,17,2080-07-01 02:00:00,36.408,1008.750,3.191,0.000,0.000,0.000,34.979,0.009930,forecast_Phoenix_CMIP6_MPI_0515_ssp245.csv
Phoenix,ssp245,2080,2080-06-30 09:00:00,2080-07-14 08:00:00,18,2080-07-01 03:00:00,35.679,1008.907,2.950,0.000,0.000,0.000,36.819,0.010088,forecast_Phoenix_CMIP6_MPI_0515_ssp245.csv
Phoenix,ssp245,2080,2080-06-30 09:00:00,2080-07-14 08:00:00,19,2080-07-01 04:00:00,34.970,1009.244,2.797,0.000,0.000,0.000,38.478,0.010193,forecast_Phoenix_CMIP6_MPI_0515_ssp245.csv
Phoenix,ssp245,2080,2080-06-30 09:00:00,2080-07-14 08:00:00,20,2080-07-01 05:00:00,34.602,1009.592,2.766,0.000,0.000,0.000,39.355,0.010227,forecast_Phoenix_CMIP6_MPI_0515_ssp245.csv
Phoenix,ssp245,2080,2080-06-30 09:00:00,2080-07-14 08:00:00,21,2080-07-01 06:00:00,34.447,1010.273,2.901,39.585,25.146,66.908,39.934,0.010298,forecast_Phoenix_CMIP6_MPI_0515_ssp245.csv
Phoenix,ssp245,2080,2080-06-30 09:00:00,2080-07-14 08:00:00,22,2080-07-01 07:00:00,35.401,1010.805,3.217,280.458,75.952,493.358,37.941,0.010267,forecast_Phoenix_CMIP6_MPI_0515_ssp245.csv
Phoenix,ssp245,2080,2080-06-30 09:00:00,2080-07-14 08:00:00,23,2080-07-01 08:00:00,36.804,1011.197,3.471,471.427,85.904,642.871,34.936,0.010162,forecast_Phoenix_CMIP6_MPI_0515_ssp245.csv
Phoenix,ssp245,2080,2080-06-30 09:00:00,2080-07-14 08:00:00,24,2080-07-01 09:00:00,38.411,1011.262,3.347,644.067,90.845,729.171,31.378,0.009918,forecast_Phoenix_CMIP6_MPI_0515_ssp245.csv
Phoenix,ssp245,2080,2080-06-30 09:00:00,2080-07-14 08:00:00,25,2080-07-01 10:00:00,40.092,1011.114,3.170,779.686,88.811,784.449,27.938,0.009625,forecast_Phoenix_CMIP6_MPI_0515_ssp245.csv
Phoenix,ssp245,2080,2080-06-30 09:00:00,2080-07-14 08:00:00,26,2080-07-01 11:00:00,41.135,1010.884,3.210,870.358,85.330,819.946,26.040,0.009484,forecast_Phoenix_CMIP6_MPI_0515_ssp245.csv
Phoenix,ssp245,2080,2080-06-30 09:00:00,2080-07-14 08:00:00,27,2080-07-01 12:00:00,42.518,1010.179,3.537,904.190,82.974,834.930,23.615,0.009252,forecast_Phoenix_CMIP6_MPI_0515_ssp245.csv
Phoenix,ssp245,2080,2080-06-30 09:00:00,2080-07-14 08:00:00,28,2080-07-01 13:00:00,43.569,1009.365,3.919,884.738,82.273,838.159,21.879,0.009073,forecast_Phoenix_CMIP6_MPI_0515_ssp245.csv
Phoenix,ssp245,2080,2080-06-30 09:00:00,2080-07-14 08:00:00,29,2080-07-01 14:00:00,44.397,1008.490,4.414,809.417,83.573,824.155,20.562,0.008921,forecast_Phoenix_CMIP6_MPI_0515_ssp245.csv
Phoenix,ssp245,2080,2080-06-30 09:00:00,2080-07-14 08:00:00,30,2080-07-01 15:00:00,44.898,1007.633,4.809,680.856,80.872,790.804,19.715,0.008790,forecast_Phoenix_CMIP6_MPI_0515_ssp245.csv
Phoenix,ssp245,2080,2080-06-30 09:00:00,2080-07-14 08:00:00,31,2080-07-01 16:00:00,45.006,1006.845,5.239,515.530,79.314,727.403,19.483,0.008706,forecast_Phoenix_CMIP6_MPI_0515_ssp245.csv
Phoenix,ssp245,2080,2080-06-30 09:00:00,2080-07-14 08:00:00,32,2080-07-01 17:00:00,44.913,1006.479,5.422,326.041,71.913,613.067,19.568,0.008680,forecast_Phoenix_CMIP6_MPI_0515_ssp245.csv
Phoenix,ssp245,2080,2080-06-30 09:00:00,2080-07-14 08:00:00,33,2080-07-01 18:00:00,44.324,1006.311,5.669,139.611,58.079,377.806,20.203,0.008660,forecast_Phoenix_CMIP6_MPI_0515_ssp245.csv
Phoenix,ssp245,2080,2080-06-30 09:00:00,2080-07-14 08:00:00,34,2080-07-01 19:00:00,43.346,1006.563,5.527,0.000,0.000,0.000,21.646,0.008765,forecast_Phoenix_CMIP6_MPI_0515_ssp245.csv
Phoenix,ssp245,2080,2080-06-30 09:00:00,2080-07-14 08:00:00,35,2080-07-01 20:00:00,42.051,1007.052,4.868,0.000,0.000,0.000,23.750,0.008938,forecast_Phoenix_CMIP6_MPI_0515_ssp245.csv
Phoenix,ssp245,2080,2080-06-30 09:00:00,2080-07-14 08:00:00,36,2080-07-01 21:00:00,40.824,1007.733,4.399,0.000,0.000,0.000,26.139,0.009232,forecast_Phoenix_CMIP6_MPI_0515_ssp245.csv
Phoenix,ssp245,2080,2080-06-30 09:00:00,2080-07-14 08:00:00,37,2080-07-01 22:00:00,39.640,1008.303,4.168,0.000,0.000,0.000,28.518,0.009490,forecast_Phoenix_CMIP6_MPI_0515_ssp245.csv
Phoenix,ssp245,2080,2080-06-30 09:00:00,2080-07-14 08:00:00,38,2080-07-01 23:00:00,38.945,1008.520,4.041,0.000,0.000,0.000,29.846,0.009584,forecast_Phoenix_CMIP6_MPI_0515_ssp245.csv
Phoenix,ssp245,2080,2080-06-30 09:00:00,2080-07-14 08:00:00,39,2080-07-02 00:00:00,36.964,1009.227,3.623,0.000,0.000,0.000,31.908,0.009715,forecast_Phoenix_CMIP6_MPI_0515_ssp245.csv
Phoenix,ssp245,2080,2080-06-30 09:00:00,2080-07-14 08:00:00,40,2080-07-02 01:00:00,36.164,1009.280,3.271,0.000,0.000,0.000,33.642,0.009866,forecast_Phoenix_CMIP6_MPI_0515_ssp245.csv
Phoenix,ssp245,2080,2080-06-30 09:00:00,2080-07-14 08:00:00,41,2080-07-02 02:00:00,35.450,1009.326,3.074,0.000,0.000,0.000,35.119,0.009940,forecast_Phoenix_CMIP6_MPI_0515_ssp245.csv
Phoenix,ssp245,2080,2080-06-30 09:00:00,2080-07-14 08:00:00,42,2080-07-02 03:00:00,34.721,1009.483,2.843,0.000,0.000,0.000,36.960,0.010097,forecast_Phoenix_CMIP6_MPI_0515_ssp245.csv
Phoenix,ssp245,2080,2080-06-30 09:00:00,2080-07-14 08:00:00,43,2080-07-02 04:00:00,34.013,1009.820,2.695,0.000,0.000,0.000,38.618,0.010202,forecast_Phoenix_CMIP6_MPI_0515_ssp245.csv
Phoenix,ssp245,2080,2080-06-30 09:00:00,2080-07-14 08:00:00,44,2080-07-02 05:00:00,33.645,1010.168,2.665,0.000,0.000,0.000,39.495,0.010237,forecast_Phoenix_CMIP6_MPI_0515_ssp245.csv
Phoenix,ssp245,2080,2080-06-30 09:00:00,2080-07-14 08:00:00,45,2080-07-02 06:00:00,33.489,1010.849,2.795,39.382,25.056,66.595,40.075,0.010308,forecast_Phoenix_CMIP6_MPI_0515_ssp245.csv
Phoenix,ssp245,2080,2080-06-30 09:00:00,2080-07-14 08:00:00,46,2080-07-02 07:00:00,34.443,1011.381,3.099,280.113,76.019,493.044,38.081,0.010277,forecast_Phoenix_CMIP6_MPI_0515_ssp245.csv
Phoenix,ssp245,2080,2080-06-30 09:00:00,2080-07-14 08:00:00,47,2080-07-02 08:00:00,35.847,1011.773,3.343,471.046,86.011,642.557,35.076,0.010172,forecast_Phoenix_CMIP6_MPI_0515_ssp245.csv
Phoenix,ssp245,2080,2080-06-30 09:00:00,2080-07-14 08:00:00,48,2080-07-02 09:00:00,37.454,1011.839,3.224,643.675,90.964,728.857,31.518,0.009928,forecast_Phoenix_CMIP6_MPI_0515_ssp245.csv
Phoenix,ssp245,2080,2080-06-30 09:00:00,2080-07-14 08:00:00,49,2080-07-02 10:00:00,39.135,1011.690,3.054,779.292,88.932,784.135,28.079,0.009635,forecast_Phoenix_CMIP6_MPI_0515_ssp245.csv
Phoenix,ssp245,2080,2080-06-30 09:00:00,2080-07-14 08:00:00,50,2080-07-02 11:00:00,40.178,1011.460,3.092,869.964,85.450,819.632,26.181,0.009494,forecast_Phoenix_CMIP6_MPI_0515_ssp245.csv
Phoenix,ssp245,2080,2080-06-30 09:00:00,2080-07-14 08:00:00,51,2080-07-02 12:00:00,41.561,1010.755,3.407,903.797,83.094,834.617,23.756,0.009262,forecast_Phoenix_CMIP6_MPI_0515_ssp245.csv
Phoenix,ssp245,2080,2080-06-30 09:00:00,2080-07-14 08:00:00,52,2080-07-02 13:00:00,42.612,1009.942,3.775,884.342,82.396,837.845,22.020,0.009082,forecast_Phoenix_CMIP6_MPI_0515_ssp245.csv
Phoenix,ssp245,2080,2080-06-30 09:00:00,2080-07-14 08:00:00,53,2080-07-02 14:00:00,43.440,1009.066,4.250,809.018,83.701,823.841,20.703,0.008931,forecast_Phoenix_CMIP6_MPI_0515_ssp245.csv
Phoenix,ssp245,2080,2080-06-30 09:00:00,2080-07-14 08:00:00,54,2080-07-02 15:00:00,43.941,1008.209,4.631,680.453,81.003,790.491,19.856,0.008800,forecast_Phoenix_CMIP6_MPI_0515_ssp245.csv
Phoenix,ssp245,2080,2080-06-30 09:00:00,2080-07-14 08:00:00,55,2080-07-02 16:00:00,44.049,1007.421,5.045,515.131,79.442,727.089,19.624,0.008716,forecast_Phoenix_CMIP6_MPI_0515_ssp245.csv
Phoenix,ssp245,2080,2080-06-30 09:00:00,2080-07-14 08:00:00,56,2080-07-02 17:00:00,43.956,1007.055,5.220,325.663,72.017,612.753,19.709,0.008690,forecast_Phoenix_CMIP6_MPI_0515_ssp245.csv
Phoenix,ssp245,2080,2080-06-30 09:00:00,2080-07-14 08:00:00,57,2080-07-02 18:00:00,43.367,1006.887,5.458,139.307,58.102,377.493,20.344,0.008670,forecast_Phoenix_CMIP6_MPI_0515_ssp245.csv
Phoenix,ssp245,2080,2080-06-30 09:00:00,2080-07-14 08:00:00,58,2080-07-02 19:00:00,42.388,1007.139,5.321,0.000,0.000,0.000,21.787,0.008775,forecast_Phoenix_CMIP6_MPI_0515_ssp245.csv
Phoenix,ssp245,2080,2080-06-30 09:00:00,2080-07-14 08:00:00,59,2080-07-02 20:00:00,41.094,1007.628,4.688,0.000,0.000,0.000,23.891,0.008948,forecast_Phoenix_CMIP6_MPI_0515_ssp245.csv
Phoenix,ssp245,2080,2080-06-30 09:00:00,2080-07-14 08:00:00,60,2080-07-02 21:00:00,39.867,1008.309,4.237,0.000,0.000,0.000,26.280,0.009242,forecast_Phoenix_CMIP6_MPI_0515_ssp245.csv
Phoenix,ssp245,2080,2080-06-30 09:00:00,2080-07-14 08:00:00,61,2080-07-02 22:00:00,38.683,1008.879,4.014,0.000,0.000,0.000,28.659,0.009500,forecast_Phoenix_CMIP6_MPI_0515_ssp245.csv
Phoenix,ssp245,2080,2080-06-30 09:00:00,2080-07-14 08:00:00,62,2080-07-02 23:00:00,37.987,1009.097,3.892,0.000,0.000,0.000,29.986,0.009594,forecast_Phoenix_CMIP6_MPI_0515_ssp245.csv
Phoenix,ssp245,2080,2080-06-30 09:00:00,2080-07-14 08:00:00,63,2080-07-03 00:00:00,37.285,1008.892,3.316,0.000,0.000,0.000,31.987,0.009720,forecast_Phoenix_CMIP6_MPI_0515_ssp245.csv
Phoenix,ssp245,2080,2080-06-30 09:00:00,2080-07-14 08:00:00,64,2080-07-03 01:00:00,36.486,1008.944,2.994,0.000,0.000,0.000,33.722,0.009871,forecast_Phoenix_CMIP6_MPI_0515_ssp245.csv
Phoenix,ssp245,2080,2080-06-30 09:00:00,2080-07-14 08:00:00,65,2080-07-03 02:00:00,35.772,1008.990,2.814,0.000,0.000,0.000,35.199,0.009946,forecast_Phoenix_CMIP6_MPI_0515_ssp245.csv
Phoenix,ssp245,2080,2080-06-30 09:00:00,2080-07-14 08:00:00,66,2080-07-03 03:00:00,35.043,1009.147,2.602,0.000,0.000,0.000,37.039,0.010103,forecast_Phoenix_CMIP6_MPI_0515_ssp245.csv
Phoenix,ssp245,2080,2080-06-30 09:00:00,2080-07-14 08:00:00,67,2080-07-03 04:00:00,34.334,1009.484,2.467,0.000,0.000,0.000,38.698,0.010208,forecast_Phoenix_CMIP6_MPI_0515_ssp245.csv
Phoenix,ssp245,2080,2080-06-30 09:00:00,2080-07-14 08:00:00,68,2080-07-03 05:00:00,33.966,1009.832,2.440,0.000,0.000,0.000,39.575,0.010242,forecast_Phoenix_CMIP6_MPI_0515_ssp245.csv
Phoenix,ssp245,2080,2080-06-30 09:00:00,2080-07-14 08:00:00,69,2080-07-03 06:00:00,33.811,1010.513,2.559,39.256,25.018,66.418,40.154,0.010313,forecast_Phoenix_CMIP6_MPI_0515_ssp245.csv
Phoenix,ssp245,2080,2080-06-30 09:00:00,2080-07-14 08:00:00,70,2080-07-03 07:00:00,34.765,1011.046,2.837,279.848,76.135,492.868,38.161,0.010282,forecast_Phoenix_CMIP6_MPI_0515_ssp245.csv
Phoenix,ssp245,2080,2080-06-30 09:00:00,2080-07-14 08:00:00,71,2080-07-03 08:00:00,36.168,1011.438,3.060,470.756,86.154,642.381,35.156,0.010177,forecast_Phoenix_CMIP6_MPI_0515_ssp245.csv
Phoenix,ssp245,2080,2080-06-30 09:00:00,2080-07-14 08:00:00,72,2080-07-03 09:00:00,37.775,1011.503,2.951,643.385,91.107,728.680,31.598,0.009933,forecast_Phoenix_CMIP6_MPI_0515_ssp245.csv
Phoenix,ssp245,2080,2080-06-30 09:00:00,2080-07-14 08:00:00,73,2080-07-03 10:00:00,39.456,1011.355,2.796,779.010,89.067,783.959,28.158,0.009640,forecast_Phoenix_CMIP6_MPI_0515_ssp245.csv
Phoenix,ssp245,2080,2080-06-30 09:00:00,2080-07-14 08:00:00,74,2080-07-03 11:00:00,40.499,1011.124,2.830,869.689,85.578,819.456,26.260,0.009499,forecast_Phoenix_CMIP6_MPI_0515_ssp245.csv
Phoenix,ssp245,2080,2080-06-30 09:00:00,2080-07-14 08:00:00,75,2080-07-03 12:00:00,41.882,1010.419,3.118,903.524,83.219,834.440,23.835,0.009267,forecast_Phoenix_CMIP6_MPI_0515_ssp245.csv
Phoenix,ssp245,2080,2080-06-30 09:00:00,2080-07-14 08:00:00,76,2080-07-03 13:00:00,42.933,1009.606,3.455,884.064,82.526,837.668,22.099,0.009088,forecast_Phoenix_CMIP6_MPI_0515_ssp245.csv
Phoenix,ssp245,2080,2080-06-30 09:00:00,2080-07-14 08:00:00,77,2080-07-03 14:00:00,43.761,1008.731,3.890,808.729,83.843,823.665,20.783,0.008936,forecast_Phoenix_CMIP6_MPI_0515_ssp245.csv
Phoenix,ssp245,2080,2080-06-30 09:00:00,2080-07-14 08:00:00,78,2080-07-03 15:00:00,44.262,1007.874,4.238,680.151,81.160,790.314,19.935,0.008805,forecast_Phoenix_CMIP6_MPI_0515_ssp245.csv
Phoenix,ssp245,2080,2080-06-30 09:00:00,2080-07-14 08:00:00,79,2080-07-03 16:00:00,44.370,1007.085,4.617,514.820,79.607,726.912,19.703,0.008721,forecast_Phoenix_CMIP6_MPI_0515_ssp245.csv
Phoenix,ssp245,2080,2080-06-30 09:00:00,2080-07-14 08:00:00,80,2080-07-03 17:00:00,44.277,1006.720,4.777,325.362,72.172,612.576,19.788,0.008696,forecast_Phoenix_CMIP6_MPI_0515_ssp245.csv
Phoenix,ssp245,2080,2080-06-30 09:00:00,2080-07-14 08:00:00,81,2080-07-03 18:00:00,43.688,1006.552,4.995,139.071,58.186,377.316,20.423,0.008675,forecast_Phoenix_CMIP6_MPI_0515_ssp245.csv
Phoenix,ssp245,2080,2080-06-30 09:00:00,2080-07-14 08:00:00,82,2080-07-03 19:00:00,42.710,1006.804,4.870,0.000,0.000,0.000,21.866,0.008780,forecast_Phoenix_CMIP6_MPI_0515_ssp245.csv
Phoenix,ssp245,2080,2080-06-30 09:00:00,2080-07-14 08:00:00,83,2080-07-03 20:00:00,41.416,1007.292,4.290,0.000,0.000,0.000,23.970,0.008954,forecast_Phoenix_CMIP6_MPI_0515_ssp245.csv
Phoenix,ssp245,2080,2080-06-30 09:00:00,2080-07-14 08:00:00,84,2080-07-03 21:00:00,40.188,1007.974,3.877,0.000,0.000,0.000,26.359,0.009248,forecast_Phoenix_CMIP6_MPI_0515_ssp245.csv
Phoenix,ssp245,2080,2080-06-30 09:00:00,2080-07-14 08:00:00,85,2080-07-03 22:00:00,39.004,1008.543,3.674,0.000,0.000,0.000,28.738,0.009505,forecast_Phoenix_CMIP6_MPI_0515_ssp245.csv
Phoenix,ssp245,2080,2080-06-30 09:00:00,2080-07-14 08:00:00,86,2080-07-03 23:00:00,38.309,1008.761,3.562,0.000,0.000,0.000,30.066,0.009599,forecast_Phoenix_CMIP6_MPI_0515_ssp245.csv
Phoenix,ssp245,2080,2080-06-30 09:00:00,2080-07-14 08:00:00,87,2080-07-04 00:00:00,37.704,1008.638,3.098,0.000,0.000,0.000,32.362,0.009747,forecast_Phoenix_CMIP6_MPI_0515_ssp245.csv
Phoenix,ssp245,2080,2080-06-30 09:00:00,2080-07-14 08:00:00,88,2080-07-04 01:00:00,36.904,1008.691,2.797,0.000,0.000,0.000,34.097,0.009897,forecast_Phoenix_CMIP6_MPI_0515_ssp245.csv
Phoenix,ssp245,2080,2080-06-30 09:00:00,2080-07-14 08:00:00,89,2080-07-04 02:00:00,36.190,1008.736,2.630,0.000,0.000,0.000,35.574,0.009972,forecast_Phoenix_CMIP6_MPI_0515_ssp245.csv
Phoenix,ssp245,2080,2080-06-30 09:00:00,2080-07-14 08:00:00,90,2080-07-04 03:00:00,35.462,1008.894,2.433,0.000,0.000,0.000,37.415,0.010129,forecast_Phoenix_CMIP6_MPI_0515_ssp245.csv
Phoenix,ssp245,2080,2080-06-30 09:00:00,2080-07-14 08:00:00,91,2080-07-04 04:00:00,34.753,1009.231,2.306,0.000,0.000,0.000,39.073,0.010234,forecast_Phoenix_CMIP6_MPI_0515_ssp245.csv
Phoenix,ssp245,2080,2080-06-30 09:00:00,2080-07-14 08:00:00,92,2080-07-04 05:00:00,34.385,1009.579,2.281,0.000,0.000,0.000,39.950,0.010268,forecast_Phoenix_CMIP6_MPI_0515_ssp245.csv
Phoenix,ssp245,2080,2080-06-30 09:00:00,2080-07-14 08:00:00,93,2080-07-04 06:00:00,34.229,1010.259,2.392,38.749,24.744,65.583,40.529,0.010339,forecast_Phoenix_CMIP6_MPI_0515_ssp245.csv
Phoenix,ssp245,2080,2080-06-30 09:00:00,2080-07-14 08:00:00,94,2080-07-04 07:00:00,35.183,1010.792,2.651,279.129,76.094,492.032,38.536,0.010308,forecast_Phoenix_CMIP6_MPI_0515_ssp245.csv
Phoenix,ssp245,2080,2080-06-30 09:00:00,2080-07-14 08:00:00,95,2080-07-04 08:00:00,36.587,1011.184,2.859,469.954,86.205,641.545,35.531,0.010203,forecast_Phoenix_CMIP6_MPI_0515_ssp245.csv
Phoenix,ssp245,2080,2080-06-30 09:00:00,2080-07-14 08:00:00,96,2080-07-04 09:00:00,38.194,1011.249,2.758,642.533,91.212,727.845,31.973,0.009959,forecast_Phoenix_CMIP6_MPI_0515_ssp245.csv
Phoenix,ssp245,2080,2080-06-30 09:00:00,2080-07-14 08:00:00,97,2080-07-04 10:00:00,39.875,1011.101,2.613,778.128,89.205,783.123,28.533,0.009666,forecast_Phoenix_CMIP6_MPI_0515_ssp245.csv
Phoenix,ssp245,2080,2080-06-30 09:00:00,2080-07-14 08:00:00,98,2080-07-04 11:00:00,40.918,1010.871,2.645,868.791,85.734,818.620,26.635,0.009526,forecast_Phoenix_CMIP6_MPI_0515_ssp245.csv
Phoenix,ssp245,2080,2080-06-30 09:00:00,2080-07-14 08:00:00,99,2080-07-04 12:00:00,42.301,1010.165,2.913,902.620,83.381,833.604,24.211,0.009293,forecast_Phoenix_CMIP6_MPI_0515_ssp245.csv
Phoenix,ssp245,2080,2080-06-30 09:00:00,2080-07-14 08:00:00,100,2080-07-04 13:00:00,43.352,1009.352,3.227,883.164,82.685,836.833,22.475,0.009114,forecast_Phoenix_CMIP6_MPI_0515_ssp245.csv
Phoenix,ssp245,2080,2080-06-30 09:00:00,2080-07-14 08:00:00,101,2080-07-04 14:00:00,44.180,1008.477,3.632,807.841,83.988,822.829,21.158,0.008962,forecast_Phoenix_CMIP6_MPI_0515_ssp245.csv
Phoenix,ssp245,2080,2080-06-30 09:00:00,2080-07-14 08:00:00,102,2080-07-04 15:00:00,44.681,1007.620,3.956,679.286,81.279,789.479,20.310,0.008831,forecast_Phoenix_CMIP6_MPI_0515_ssp245.csv
Phoenix,ssp245,2080,2080-06-30 09:00:00,2080-07-14 08:00:00,103,2080-07-04 16:00:00,44.789,1006.832,4.309,513.995,79.683,726.077,20.078,0.008747,forecast_Phoenix_CMIP6_MPI_0515_ssp245.csv
Phoenix,ssp245,2080,2080-06-30 09:00:00,2080-07-14 08:00:00,104,2080-07-04 17:00:00,44.696,1006.466,4.458,324.605,72.173,611.741,20.163,0.008722,forecast_Phoenix_CMIP6_MPI_0515_ssp245.csv
Phoenix,ssp245,2080,2080-06-30 09:00:00,2080-07-14 08:00:00,105,2080-07-04 18:00:00,44.107,1006.298,4.661,138.444,58.043,376.481,20.798,0.008701,forecast_Phoenix_CMIP6_MPI_0515_ssp245.csv
Phoenix,ssp245,2080,2080-06-30 09:00:00,2080-07-14 08:00:00,106,2080-07-04 19:00:00,43.128,1006.550,4.545,0.000,0.000,0.000,22.241,0.008806,forecast_Phoenix_CMIP6_MPI_0515_ssp245.csv
Phoenix,ssp245,2080,2080-06-30 09:00:00,2080-07-14 08:00:00,107,2080-07-04 20:00:00,41.834,1007.039,4.005,0.000,0.000,0.000,24.345,0.008980,forecast_Phoenix_CMIP6_MPI_0515_ssp245.csv
Phoenix,ssp245,2080,2080-06-30 09:00:00,2080-07-14 08:00:00,108,2080-07-04 21:00:00,40.607,1007.720,3.620,0.000,0.000,0.000,26.734,0.009274,forecast_Phoenix_CMIP6_MPI_0515_ssp245.csv
Phoenix,ssp245,2080,2080-06-30 09:00:00,2080-07-14 08:00:00,109,2080-07-04 22:00:00,39.423,1008.290,3.431,0.000,0.000,0.000,29.114,0.009531,forecast_Phoenix_CMIP6_MPI_0515_ssp245.csv
Phoenix,ssp245,2080,2080-06-30 09:00:00,2080-07-14 08:00:00,110,2080-07-04 23:00:00,38.727,1008.507,3.327,0.000,0.000,0.000,30.441,0.009625,forecast_Phoenix_CMIP6_MPI_0515_ssp245.csv
Phoenix,ssp245,2080,2080-06-30 09:00:00,2080-07-14 08:00:00,111,2080-07-05 00:00:00,38.439,1008.139,2.535,0.000,0.000,0.000,32.433,0.009751,forecast_Phoenix_CMIP6_MPI_0515_ssp245.csv
Phoenix,ssp245,2080,2080-06-30 09:00:00,2080-07-14 08:00:00,112,2080-07-05 01:00:00,37.639,1008.192,2.289,0.000,0.000,0.000,34.168,0.009902,forecast_Phoenix_CMIP6_MPI_0515_ssp245.csv
Phoenix,ssp245,2080,2080-06-30 09:00:00,2080-07-14 08:00:00,113,2080-07-05 02:00:00,36.925,1008.238,2.152,0.000,0.000,0.000,35.645,0.009977,forecast_Phoenix_CMIP6_MPI_0515_ssp245.csv
Phoenix,ssp245,2080,2080-06-30 09:00:00,2080-07-14 08:00:00,114,2080-07-05 03:00:00,36.197,1008.395,1.991,0.000,0.000,0.000,37.486,0.010134,forecast_Phoenix_CMIP6_MPI_0515_ssp245.csv
Phoenix,ssp245,2080,2080-06-30 09:00:00,2080-07-14 08:00:00,115,2080-07-05 04:00:00,35.488,1008.732,1.888,0.000,0.000,0.000,39.144,0.010239,forecast_Phoenix_CMIP6_MPI_0515_ssp245.csv
Phoenix,ssp245,2080,2080-06-30 09:00:00,2080-07-14 08:00:00,116,2080-07-05 05:00:00,35.120,1009.080,1.867,0.000,0.000,0.000,40.021,0.010273,forecast_Phoenix_CMIP6_MPI_0515_ssp245.csv
Phoenix,ssp245,2080,2080-06-30 09:00:00,2080-07-14 08:00:00,117,2080-07-05 06:00:00,34.965,1009.761,1.958,38.631,24.716,65.425,40.600,0.010344,forecast_Phoenix_CMIP6_MPI_0515_ssp245.csv
Phoenix,ssp245,2080,2080-06-30 09:00:00,2080-07-14 08:00:00,118,2080-07-05 07:00:00,35.918,1010.293,2.170,278.852,76.241,491.874,38.607,0.010313,forecast_Phoenix_CMIP6_MPI_0515_ssp245.csv
Phoenix,ssp245,2080,2080-06-30 09:00:00,2080-07-14 08:00:00,119,2080-07-05 08:00:00,37.322,1010.685,2.340,469.652,86.379,641.387,35.602,0.010208,forecast_Phoenix_CMIP6_MPI_0515_ssp245.csv
Phoenix,ssp245,2080,2080-06-30 09:00:00,2080-07-14 08:00:00,120,2080-07-05 09:00:00,38.929,1010.751,2.257,642.235,91.382,727.687,32.044,0.009964,forecast_Phoenix_CMIP6_MPI_0515_ssp245.csv
Phoenix,ssp245,2080,2080-06-30 09:00:00,2080-07-14 08:00:00,121,2080-07-05 10:00:00,40.610,1010.602,2.138,777.841,89.363,782.965,28.604,0.009671,forecast_Phoenix_CMIP6_MPI_0515_ssp245.csv
Phoenix,ssp245,2080,2080-06-30 09:00:00,2080-07-14 08:00:00,122,2080-07-05 11:00:00,41.653,1010.372,2.165,868.513,85.882,818.462,26.706,0.009530,forecast_Phoenix_CMIP6_MPI_0515_ssp245.csv
Phoenix,ssp245,2080,2080-06-30 09:00:00,2080-07-14 08:00:00,123,2080-07-05 12:00:00,43.036,1009.667,2.384,902.345,83.527,833.446,24.282,0.009298,forecast_Phoenix_CMIP6_MPI_0515_ssp245.csv
Phoenix,ssp245,2080,2080-06-30 09:00:00,2080-07-14 08:00:00,124,2080-07-05 13:00:00,44.087,1008.854,2.640,882.883,82.837,836.675,22.546,0.009119,forecast_Phoenix_CMIP6_MPI_0515_ssp245.csv
Phoenix,ssp245,2080,2080-06-30 09:00:00,2080-07-14 08:00:00,125,2080-07-05 14:00:00,44.915,1007.979,2.972,807.547,84.155,822.671,21.229,0.008967,forecast_Phoenix_CMIP6_MPI_0515_ssp245.csv
Phoenix,ssp245,2080,2080-06-30 09:00:00,2080-07-14 08:00:00,126,2080-07-05 15:00:00,45.416,1007.122,3.237,678.974,81.465,789.320,20.381,0.008836,forecast_Phoenix_CMIP6_MPI_0515_ssp245.csv
Phoenix,ssp245,2080,2080-06-30 09:00:00,2080-07-14 08:00:00,127,2080-07-05 16:00:00,45.524,1006.333,3.526,513.670,79.883,725.919,20.149,0.008752,forecast_Phoenix_CMIP6_MPI_0515_ssp245.csv
Phoenix,ssp245,2080,2080-06-30 09:00:00,2080-07-14 08:00:00,128,2080-07-05 17:00:00,45.431,1005.967,3.648,324.287,72.365,611.583,20.234,0.008727,forecast_Phoenix_CMIP6_MPI_0515_ssp245.csv
Phoenix,ssp245,2080,2080-06-30 09:00:00,2080-07-14 08:00:00,129,2080-07-05 18:00:00,44.842,1005.799,3.814,138.197,58.157,376.322,20.869,0.008706,forecast_Phoenix_CMIP6_MPI_0515_ssp245.csv
Phoenix,ssp245,2080,2080-06-30 09:00:00,2080-07-14 08:00:00,130,2080-07-05 19:00:00,43.864,1006.051,3.718,0.000,0.000,0.000,22.312,0.008811,forecast_Phoenix_CMIP6_MPI_0515_ssp245.csv
Phoenix,ssp245,2080,2080-06-30 09:00:00,2080-07-14 08:00:00,131,2080-07-05 20:00:00,42.569,1006.540,3.277,0.000,0.000,0.000,24.416,0.008985,forecast_Phoenix_CMIP6_MPI_0515_ssp245.csv
Phoenix,ssp245,2080,2080-06-30 09:00:00,2080-07-14 08:00:00,132,2080-07-05 21:00:00,41.342,1007.222,2.962,0.000,0.000,0.000,26.805,0.009279,forecast_Phoenix_CMIP6_MPI_0515_ssp245.csv
Phoenix,ssp245,2080,2080-06-30 09:00:00,2080-07-14 08:00:00,133,2080-07-05 22:00:00,40.158,1007.791,2.807,0.000,0.000,0.000,29.185,0.009536,forecast_Phoenix_CMIP6_MPI_0515_ssp245.csv
Phoenix,ssp245,2080,2080-06-30 09:00:00,2080-07-14 08:00:00,134,2080-07-05 23:00:00,39.462,1008.009,2.722,0.000,0.000,0.000,30.512,0.009630,forecast_Phoenix_CMIP6_MPI_0515_ssp245.csv
Phoenix,ssp245,2080,2080-06-30 09:00:00,2080-07-14 08:00:00,135,2080-07-06 00:00:00,39.065,1008.796,2.810,0.000,0.000,0.000,31.832,0.009710,forecast_Phoenix_CMIP6_MPI_0515_ssp245.csv
Phoenix,ssp245,2080,2080-06-30 09:00:00,2080-07-14 08:00:00,136,2080-07-06 01:00:00,38.265,1008.848,2.537,0.000,0.000,0.000,33.566,0.009861,forecast_Phoenix_CMIP6_MPI_0515_ssp245.csv
Phoenix,ssp245,2080,2080-06-30 09:00:00,2080-07-14 08:00:00,137,2080-07-06 02:00:00,37.551,1008.894,2.384,0.000,0.000,0.000,35.043,0.009935,forecast_Phoenix_CMIP6_MPI_0515_ssp245.csv
Phoenix,ssp245,2080,2080-06-30 09:00:00,2080-07-14 08:00:00,138,2080-07-06 03:00:00,36.822,1009.052,2.205,0.000,0.000,0.000,36.884,0.010092,forecast_Phoenix_CMIP6_MPI_0515_ssp245.csv
Phoenix,ssp245,2080,2080-06-30 09:00:00,2080-07-14 08:00:00,139,2080-07-06 04:00:00,36.113,1009.389,2.090,0.000,0.000,0.000,38.543,0.010197,forecast_Phoenix_CMIP6_MPI_0515_ssp245.csv
Phoenix,ssp245,2080,2080-06-30 09:00:00,2080-07-14 08:00:00,140,2080-07-06 05:00:00,35.745,1009.737,2.067,0.000,0.000,0.000,39.419,0.010232,forecast_Phoenix_CMIP6_MPI_0515_ssp245.csv
Phoenix,ssp245,2080,2080-06-30 09:00:00,2080-07-14 08:00:00,141,2080-07-06 06:00:00,35.590,1010.417,2.168,39.373,25.235,66.764,39.999,0.010303,forecast_Phoenix_CMIP6_MPI_0515_ssp245.csv
Phoenix,ssp245,2080,2080-06-30 09:00:00,2080-07-14 08:00:00,142,2080-07-06 07:00:00,36.544,1010.950,2.403,279.568,76.788,493.213,38.005,0.010271,forecast_Phoenix_CMIP6_MPI_0515_ssp245.csv
Phoenix,ssp245,2080,2080-06-30 09:00:00,2080-07-14 08:00:00,143,2080-07-06 08:00:00,37.947,1011.342,2.593,470.474,86.810,642.726,35.000,0.010166,forecast_Phoenix_CMIP6_MPI_0515_ssp245.csv
Phoenix,ssp245,2080,2080-06-30 09:00:00,2080-07-14 08:00:00,144,2080-07-06 09:00:00,39.554,1011.407,2.501,643.175,91.683,729.026,31.442,0.009923,forecast_Phoenix_CMIP6_MPI_0515_ssp245.csv
Phoenix,ssp245,2080,2080-06-30 09:00:00,2080-07-14 08:00:00,145,2080-07-06 10:00:00,41.236,1011.259,2.369,778.880,89.555,784.304,28.003,0.009630,forecast_Phoenix_CMIP6_MPI_0515_ssp245.csv
Phoenix,ssp245,2080,2080-06-30 09:00:00,2080-07-14 08:00:00,146,2080-07-06 11:00:00,42.278,1011.029,2.398,869.616,86.003,819.801,26.105,0.009489,forecast_Phoenix_CMIP6_MPI_0515_ssp245.csv
Phoenix,ssp245,2080,2080-06-30 09:00:00,2080-07-14 08:00:00,147,2080-07-06 12:00:00,43.661,1010.323,2.642,903.471,83.622,834.785,23.680,0.009257,forecast_Phoenix_CMIP6_MPI_0515_ssp245.csv
Phoenix,ssp245,2080,2080-06-30 09:00:00,2080-07-14 08:00:00,148,2080-07-06 13:00:00,44.712,1009.510,2.928,883.983,82.961,838.014,21.944,0.009077,forecast_Phoenix_CMIP6_MPI_0515_ssp245.csv
Phoenix,ssp245,2080,2080-06-30 09:00:00,2080-07-14 08:00:00,149,2080-07-06 14:00:00,45.540,1008.635,3.297,808.577,84.355,824.010,20.627,0.008926,forecast_Phoenix_CMIP6_MPI_0515_ssp245.csv
Phoenix,ssp245,2080,2080-06-30 09:00:00,2080-07-14 08:00:00,150,2080-07-06 15:00:00,46.041,1007.778,3.592,679.899,81.783,790.660,19.780,0.008794,forecast_Phoenix_CMIP6_MPI_0515_ssp245.csv
Phoenix,ssp245,2080,2080-06-30 09:00:00,2080-07-14 08:00:00,151,2080-07-06 16:00:00,46.150,1006.989,3.914,514.467,80.342,727.258,19.548,0.008711,forecast_Phoenix_CMIP6_MPI_0515_ssp245.csv
Phoenix,ssp245,2080,2080-06-30 09:00:00,2080-07-14 08:00:00,152,2080-07-06 17:00:00,46.057,1006.624,4.050,324.959,72.962,612.922,19.633,0.008685,forecast_Phoenix_CMIP6_MPI_0515_ssp245.csv
Phoenix,ssp245,2080,2080-06-30 09:00:00,2080-07-14 08:00:00,153,2080-07-06 18:00:00,45.467,1006.456,4.234,138.801,58.828,377.662,20.268,0.008664,forecast_Phoenix_CMIP6_MPI_0515_ssp245.csv
Phoenix,ssp245,2080,2080-06-30 09:00:00,2080-07-14 08:00:00,154,2080-07-06 19:00:00,44.489,1006.708,4.128,0.000,0.000,0.000,21.711,0.008770,forecast_Phoenix_CMIP6_MPI_0515_ssp245.csv
Phoenix,ssp245,2080,2080-06-30 09:00:00,2080-07-14 08:00:00,155,2080-07-06 20:00:00,43.195,1007.197,3.637,0.000,0.000,0.000,23.815,0.008943,forecast_Phoenix_CMIP6_MPI_0515_ssp245.csv
Phoenix,ssp245,2080,2080-06-30 09:00:00,2080-07-14 08:00:00,156,2080-07-06 21:00:00,41.968,1007.878,3.286,0.000,0.000,0.000,26.204,0.009237,forecast_Phoenix_CMIP6_MPI_0515_ssp245.csv
Phoenix,ssp245,2080,2080-06-30 09:00:00,2080-07-14 08:00:00,157,2080-07-06 22:00:00,40.784,1008.448,3.114,0.000,0.000,0.000,28.583,0.009494,forecast_Phoenix_CMIP6_MPI_0515_ssp245.csv
Phoenix,ssp245,2080,2080-06-30 09:00:00,2080-07-14 08:00:00,158,2080-07-06 23:00:00,40.088,1008.665,3.019,0.000,0.000,0.000,29.911,0.009588,forecast_Phoenix_CMIP6_MPI_0515_ssp245.csv
Phoenix,ssp245,2080,2080-06-30 09:00:00,2080-07-14 08:00:00,159,2080-07-07 00:00:00,37.819,1008.802,3.135,0.000,0.000,0.000,32.022,0.009723,forecast_Phoenix_CMIP6_MPI_0515_ssp245.csv
Phoenix,ssp245,2080,2080-06-30 09:00:00,2080-07-14 08:00:00,160,2080-07-07 01:00:00,37.019,1008.855,2.831,0.000,0.000,0.000,33.756,0.009874,forecast_Phoenix_CMIP6_MPI_0515_ssp245.csv
Phoenix,ssp245,2080,2080-06-30 09:00:00,2080-07-14 08:00:00,161,2080-07-07 02:00:00,36.305,1008.901,2.660,0.000,0.000,0.000,35.233,0.009948,forecast_Phoenix_CMIP6_MPI_0515_ssp245.csv
Phoenix,ssp245,2080,2080-06-30 09:00:00,2080-07-14 08:00:00,162,2080-07-07 03:00:00,35.577,1009.058,2.460,0.000,0.000,0.000,37.074,0.010105,forecast_Phoenix_CMIP6_MPI_0515_ssp245.csv
Phoenix,ssp245,2080,2080-06-30 09:00:00,2080-07-14 08:00:00,163,2080-07-07 04:00:00,34.868,1009.395,2.332,0.000,0.000,0.000,38.732,0.010210,forecast_Phoenix_CMIP6_MPI_0515_ssp245.csv
Phoenix,ssp245,2080,2080-06-30 09:00:00,2080-07-14 08:00:00,164,2080-07-07 05:00:00,34.500,1009.743,2.307,0.000,0.000,0.000,39.609,0.010245,forecast_Phoenix_CMIP6_MPI_0515_ssp245.csv
Phoenix,ssp245,2080,2080-06-30 09:00:00,2080-07-14 08:00:00,165,2080-07-07 06:00:00,34.345,1010.424,2.419,39.098,25.116,66.341,40.189,0.010316,forecast_Phoenix_CMIP6_MPI_0515_ssp245.csv
Phoenix,ssp245,2080,2080-06-30 09:00:00,2080-07-14 08:00:00,166,2080-07-07 07:00:00,35.298,1010.956,2.682,279.090,76.893,492.791,38.195,0.010285,forecast_Phoenix_CMIP6_MPI_0515_ssp245.csv
Phoenix,ssp245,2080,2080-06-30 09:00:00,2080-07-14 08:00:00,167,2080-07-07 08:00:00,36.702,1011.348,2.893,469.946,86.970,642.304,35.190,0.010180,forecast_Phoenix_CMIP6_MPI_0515_ssp245.csv
Phoenix,ssp245,2080,2080-06-30 09:00:00,2080-07-14 08:00:00,168,2080-07-07 09:00:00,38.309,1011.414,2.790,642.632,91.861,728.603,31.632,0.009936,forecast_Phoenix_CMIP6_MPI_0515_ssp245.csv
Phoenix,ssp245,2080,2080-06-30 09:00:00,2080-07-14 08:00:00,169,2080-07-07 10:00:00,39.990,1011.265,2.643,778.334,89.735,783.882,28.193,0.009643,forecast_Phoenix_CMIP6_MPI_0515_ssp245.csv
Phoenix,ssp245,2080,2080-06-30 09:00:00,2080-07-14 08:00:00,170,2080-07-07 11:00:00,41.033,1011.035,2.676,869.072,86.181,819.379,26.294,0.009502,forecast_Phoenix_CMIP6_MPI_0515_ssp245.csv
Phoenix,ssp245,2080,2080-06-30 09:00:00,2080-07-14 08:00:00,171,2080-07-07 12:00:00,42.416,1010.330,2.948,902.927,83.801,834.363,23.870,0.009270,forecast_Phoenix_CMIP6_MPI_0515_ssp245.csv
Phoenix,ssp245,2080,2080-06-30 09:00:00,2080-07-14 08:00:00,172,2080-07-07 13:00:00,43.467,1009.517,3.266,883.435,83.143,837.591,22.134,0.009090,forecast_Phoenix_CMIP6_MPI_0515_ssp245.csv
Phoenix,ssp245,2080,2080-06-30 09:00:00,2080-07-14 08:00:00,173,2080-07-07 14:00:00,44.295,1008.642,3.678,808.023,84.544,823.588,20.817,0.008939,forecast_Phoenix_CMIP6_MPI_0515_ssp245.csv
Phoenix,ssp245,2080,2080-06-30 09:00:00,2080-07-14 08:00:00,174,2080-07-07 15:00:00,44.796,1007.785,4.007,679.339,81.978,790.237,19.969,0.008808,forecast_Phoenix_CMIP6_MPI_0515_ssp245.csv
Phoenix,ssp245,2080,2080-06-30 09:00:00,2080-07-14 08:00:00,175,2080-07-07 16:00:00,44.904,1006.996,4.365,513.911,80.533,726.835,19.738,0.008724,forecast_Phoenix_CMIP6_MPI_0515_ssp245.csv
Phoenix,ssp245,2080,2080-06-30 09:00:00,2080-07-14 08:00:00,176,2080-07-07 17:00:00,44.811,1006.630,4.516,324.434,73.119,612.499,19.822,0.008698,forecast_Phoenix_CMIP6_MPI_0515_ssp245.csv
Phoenix,ssp245,2080,2080-06-30 09:00:00,2080-07-14 08:00:00,177,2080-07-07 18:00:00,44.222,1006.462,4.722,138.380,58.870,377.239,20.457,0.008677,forecast_Phoenix_CMIP6_MPI_0515_ssp245.csv
Phoenix,ssp245,2080,2080-06-30 09:00:00,2080-07-14 08:00:00,178,2080-07-07 19:00:00,43.244,1006.714,4.604,0.000,0.000,0.000,21.900,0.008783,forecast_Phoenix_CMIP6_MPI_0515_ssp245.csv
Phoenix,ssp245,2080,2080-06-30 09:00:00,2080-07-14 08:00:00,179,2080-07-07 20:00:00,41.949,1007.203,4.056,0.000,0.000,0.000,24.005,0.008956,forecast_Phoenix_CMIP6_MPI_0515_ssp245.csv
Phoenix,ssp245,2080,2080-06-30 09:00:00,2080-07-14 08:00:00,180,2080-07-07 21:00:00,40.722,1007.885,3.666,0.000,0.000,0.000,26.393,0.009250,forecast_Phoenix_CMIP6_MPI_0515_ssp245.csv
Phoenix,ssp245,2080,2080-06-30 09:00:00,2080-07-14 08:00:00,181,2080-07-07 22:00:00,39.538,1008.454,3.473,0.000,0.000,0.000,28.773,0.009508,forecast_Phoenix_CMIP6_MPI_0515_ssp245.csv
Phoenix,ssp245,2080,2080-06-30 09:00:00,2080-07-14 08:00:00,182,2080-07-07 23:00:00,38.843,1008.672,3.368,0.000,0.000,0.000,30.100,0.009602,forecast_Phoenix_CMIP6_MPI_0515_ssp245.csv
Phoenix,ssp245,2080,2080-06-30 09:00:00,2080-07-14 08:00:00,183,2080-07-08 00:00:00,36.650,1006.168,3.230,0.000,0.000,0.000,32.339,0.009745,forecast_Phoenix_CMIP6_MPI_0515_ssp245.csv
Phoenix,ssp245,2080,2080-06-30 09:00:00,2080-07-14 08:00:00,184,2080-07-08 01:00:00,35.850,1006.220,2.917,0.000,0.000,0.000,34.073,0.009896,forecast_Phoenix_CMIP6_MPI_0515_ssp245.csv
Phoenix,ssp245,2080,2080-06-30 09:00:00,2080-07-14 08:00:00,185,2080-07-08 02:00:00,35.136,1006.266,2.742,0.000,0.000,0.000,35.550,0.009970,forecast_Phoenix_CMIP6_MPI_0515_ssp245.csv
Phoenix,ssp245,2080,2080-06-30 09:00:00,2080-07-14 08:00:00,186,2080-07-08 03:00:00,34.408,1006.424,2.537,0.000,0.000,0.000,37.391,0.010127,forecast_Phoenix_CMIP6_MPI_0515_ssp245.csv
Phoenix,ssp245,2080,2080-06-30 09:00:00,2080-07-14 08:00:00,187,2080-07-08 04:00:00,33.699,1006.761,2.405,0.000,0.000,0.000,39.050,0.010232,forecast_Phoenix_CMIP6_MPI_0515_ssp245.csv
Phoenix,ssp245,2080,2080-06-30 09:00:00,2080-07-14 08:00:00,188,2080-07-08 05:00:00,33.331,1007.109,2.379,0.000,0.000,0.000,39.926,0.010267,forecast_Phoenix_CMIP6_MPI_0515_ssp245.csv
Phoenix,ssp245,2080,2080-06-30 09:00:00,2080-07-14 08:00:00,189,2080-07-08 06:00:00,33.175,1007.789,2.494,38.659,24.895,65.635,40.506,0.010338,forecast_Phoenix_CMIP6_MPI_0515_ssp245.csv
Phoenix,ssp245,2080,2080-06-30 09:00:00,2080-07-14 08:00:00,190,2080-07-08 07:00:00,34.129,1008.322,2.764,278.411,76.937,492.084,38.512,0.010307,forecast_Phoenix_CMIP6_MPI_0515_ssp245.csv
Phoenix,ssp245,2080,2080-06-30 09:00:00,2080-07-14 08:00:00,191,2080-07-08 08:00:00,35.533,1008.714,2.982,469.190,87.098,641.597,35.507,0.010202,forecast_Phoenix_CMIP6_MPI_0515_ssp245.csv
Phoenix,ssp245,2080,2080-06-30 09:00:00,2080-07-14 08:00:00,192,2080-07-08 09:00:00,37.140,1008.779,2.876,641.839,92.029,727.897,31.949,0.009958,forecast_Phoenix_CMIP6_MPI_0515_ssp245.csv
Phoenix,ssp245,2080,2080-06-30 09:00:00,2080-07-14 08:00:00,193,2080-07-08 10:00:00,38.821,1008.631,2.724,777.524,89.923,783.175,28.510,0.009665,forecast_Phoenix_CMIP6_MPI_0515_ssp245.csv
Phoenix,ssp245,2080,2080-06-30 09:00:00,2080-07-14 08:00:00,194,2080-07-08 11:00:00,39.864,1008.401,2.758,868.253,86.378,818.672,26.612,0.009524,forecast_Phoenix_CMIP6_MPI_0515_ssp245.csv
Phoenix,ssp245,2080,2080-06-30 09:00:00,2080-07-14 08:00:00,195,2080-07-08 12:00:00,41.247,1007.695,3.038,902.105,84.001,833.656,24.187,0.009292,forecast_Phoenix_CMIP6_MPI_0515_ssp245.csv
Phoenix,ssp245,2080,2080-06-30 09:00:00,2080-07-14 08:00:00,196,2080-07-08 13:00:00,42.298,1006.882,3.365,882.613,83.344,836.885,22.451,0.009112,forecast_Phoenix_CMIP6_MPI_0515_ssp245.csv
Phoenix,ssp245,2080,2080-06-30 09:00:00,2080-07-14 08:00:00,197,2080-07-08 14:00:00,43.126,1006.007,3.788,807.204,84.742,822.881,21.134,0.008961,forecast_Phoenix_CMIP6_MPI_0515_ssp245.csv
Phoenix,ssp245,2080,2080-06-30 09:00:00,2080-07-14 08:00:00,198,2080-07-08 15:00:00,43.627,1005.150,4.126,678.529,82.165,789.531,20.287,0.008830,forecast_Phoenix_CMIP6_MPI_0515_ssp245.csv
Phoenix,ssp245,2080,2080-06-30 09:00:00,2080-07-14 08:00:00,199,2080-07-08 16:00:00,43.735,1004.361,4.494,513.126,80.693,726.129,20.055,0.008746,forecast_Phoenix_CMIP6_MPI_0515_ssp245.csv
Phoenix,ssp245,2080,2080-06-30 09:00:00,2080-07-14 08:00:00,200,2080-07-08 17:00:00,43.642,1003.996,4.649,323.704,73.218,611.793,20.140,0.008720,forecast_Phoenix_CMIP6_MPI_0515_ssp245.csv
Phoenix,ssp245,2080,2080-06-30 09:00:00,2080-07-14 08:00:00,201,2080-07-08 18:00:00,43.053,1003.828,4.861,137.786,58.820,376.533,20.775,0.008699,forecast_Phoenix_CMIP6_MPI_0515_ssp245.csv
Phoenix,ssp245,2080,2080-06-30 09:00:00,2080-07-14 08:00:00,202,2080-07-08 19:00:00,42.074,1004.080,4.739,0.000,0.000,0.000,22.218,0.008805,forecast_Phoenix_CMIP6_MPI_0515_ssp245.csv
Phoenix,ssp245,2080,2080-06-30 09:00:00,2080-07-14 08:00:00,203,2080-07-08 20:00:00,40.780,1004.569,4.176,0.000,0.000,0.000,24.322,0.008978,forecast_Phoenix_CMIP6_MPI_0515_ssp245.csv
Phoenix,ssp245,2080,2080-06-30 09:00:00,2080-07-14 08:00:00,204,2080-07-08 21:00:00,39.553,1005.250,3.775,0.000,0.000,0.000,26.711,0.009272,forecast_Phoenix_CMIP6_MPI_0515_ssp245.csv
Phoenix,ssp245,2080,2080-06-30 09:00:00,2080-07-14 08:00:00,205,2080-07-08 22:00:00,38.369,1005.820,3.578,0.000,0.000,0.000,29.090,0.009530,forecast_Phoenix_CMIP6_MPI_0515_ssp245.csv
Phoenix,ssp245,2080,2080-06-30 09:00:00,2080-07-14 08:00:00,206,2080-07-08 23:00:00,37.673,1006.037,3.469,0.000,0.000,0.000,30.418,0.009624,forecast_Phoenix_CMIP6_MPI_0515_ssp245.csv
Phoenix,ssp245,2080,2080-06-30 09:00:00,2080-07-14 08:00:00,207,2080-07-09 00:00:00,34.910,1005.042,3.501,0.000,0.000,0.000,31.888,0.009714,forecast_Phoenix_CMIP6_MPI_0515_ssp245.csv
Phoenix,ssp245,2080,2080-06-30 09:00:00,2080-07-14 08:00:00,208,2080-07-09 01:00:00,34.111,1005.095,3.160,0.000,0.000,0.000,33.623,0.009865,forecast_Phoenix_CMIP6_MPI_0515_ssp245.csv
Phoenix,ssp245,2080,2080-06-30 09:00:00,2080-07-14 08:00:00,209,2080-07-09 02:00:00,33.397,1005.141,2.970,0.000,0.000,0.000,35.100,0.009939,forecast_Phoenix_CMIP6_MPI_0515_ssp245.csv
Phoenix,ssp245,2080,2080-06-30 09:00:00,2080-07-14 08:00:00,210,2080-07-09 03:00:00,32.668,1005.298,2.747,0.000,0.000,0.000,36.941,0.010096,forecast_Phoenix_CMIP6_MPI_0515_ssp245.csv
Phoenix,ssp245,2080,2080-06-30 09:00:00,2080-07-14 08:00:00,211,2080-07-09 04:00:00,31.959,1005.635,2.603,0.000,0.000,0.000,38.599,0.010201,forecast_Phoenix_CMIP6_MPI_0515_ssp245.csv
Phoenix,ssp245,2080,2080-06-30 09:00:00,2080-07-14 08:00:00,212,2080-07-09 05:00:00,31.591,1005.983,2.575,0.000,0.000,0.000,39.476,0.010236,forecast_Phoenix_CMIP6_MPI_0515_ssp245.csv
Phoenix,ssp245,2080,2080-06-30 09:00:00,2080-07-14 08:00:00,213,2080-07-09 06:00:00,31.436,1006.664,2.700,39.201,25.299,66.638,40.055,0.010306,forecast_Phoenix_CMIP6_MPI_0515_ssp245.csv
Phoenix,ssp245,2080,2080-06-30 09:00:00,2080-07-14 08:00:00,214,2080-07-09 07:00:00,32.390,1007.196,2.994,278.864,77.439,493.088,38.062,0.010275,forecast_Phoenix_CMIP6_MPI_0515_ssp245.csv
Phoenix,ssp245,2080,2080-06-30 09:00:00,2080-07-14 08:00:00,215,2080-07-09 08:00:00,33.793,1007.588,3.231,469.717,87.519,642.601,35.057,0.010170,forecast_Phoenix_CMIP6_MPI_0515_ssp245.csv
Phoenix,ssp245,2080,2080-06-30 09:00:00,2080-07-14 08:00:00,216,2080-07-09 09:00:00,35.400,1007.654,3.116,642.460,92.346,728.901,31.499,0.009926,forecast_Phoenix_CMIP6_MPI_0515_ssp245.csv
Phoenix,ssp245,2080,2080-06-30 09:00:00,2080-07-14 08:00:00,217,2080-07-09 10:00:00,37.081,1007.505,2.951,778.228,90.148,784.179,28.059,0.009634,forecast_Phoenix_CMIP6_MPI_0515_ssp245.csv
Phoenix,ssp245,2080,2080-06-30 09:00:00,2080-07-14 08:00:00,218,2080-07-09 11:00:00,38.124,1007.275,2.988,869.012,86.543,819.676,26.161,0.009493,forecast_Phoenix_CMIP6_MPI_0515_ssp245.csv
Phoenix,ssp245,2080,2080-06-30 09:00:00,2080-07-14 08:00:00,219,2080-07-09 12:00:00,39.507,1006.570,3.292,902.883,84.145,834.660,23.737,0.009261,forecast_Phoenix_CMIP6_MPI_0515_ssp245.csv
Phoenix,ssp245,2080,2080-06-30 09:00:00,2080-07-14 08:00:00,220,2080-07-09 13:00:00,40.558,1005.757,3.647,883.368,83.513,837.888,22.001,0.009081,forecast_Phoenix_CMIP6_MPI_0515_ssp245.csv
Phoenix,ssp245,2080,2080-06-30 09:00:00,2080-07-14 08:00:00,221,2080-07-09 14:00:00,41.386,1004.881,4.107,807.898,84.978,823.885,20.684,0.008930,forecast_Phoenix_CMIP6_MPI_0515_ssp245.csv
Phoenix,ssp245,2080,2080-06-30 09:00:00,2080-07-14 08:00:00,222,2080-07-09 15:00:00,41.887,1004.025,4.475,679.132,82.502,790.534,19.836,0.008798,forecast_Phoenix_CMIP6_MPI_0515_ssp245.csv
Phoenix,ssp245,2080,2080-06-30 09:00:00,2080-07-14 08:00:00,223,2080-07-09 16:00:00,41.995,1003.236,4.875,513.622,81.148,727.133,19.604,0.008714,forecast_Phoenix_CMIP6_MPI_0515_ssp245.csv
Phoenix,ssp245,2080,2080-06-30 09:00:00,2080-07-14 08:00:00,224,2080-07-09 17:00:00,41.902,1002.870,5.044,324.104,73.778,612.796,19.689,0.008689,forecast_Phoenix_CMIP6_MPI_0515_ssp245.csv
Phoenix,ssp245,2080,2080-06-30 09:00:00,2080-07-14 08:00:00,225,2080-07-09 18:00:00,41.313,1002.702,5.274,138.163,59.406,377.536,20.324,0.008668,forecast_Phoenix_CMIP6_MPI_0515_ssp245.csv
Phoenix,ssp245,2080,2080-06-30 09:00:00,2080-07-14 08:00:00,226,2080-07-09 19:00:00,40.335,1002.954,5.142,0.000,0.000,0.000,21.767,0.008774,forecast_Phoenix_CMIP6_MPI_0515_ssp245.csv
Phoenix,ssp245,2080,2080-06-30 09:00:00,2080-07-14 08:00:00,227,2080-07-09 20:00:00,39.040,1003.443,4.530,0.000,0.000,0.000,23.871,0.008947,forecast_Phoenix_CMIP6_MPI_0515_ssp245.csv
Phoenix,ssp245,2080,2080-06-30 09:00:00,2080-07-14 08:00:00,228,2080-07-09 21:00:00,37.813,1004.124,4.094,0.000,0.000,0.000,26.260,0.009241,forecast_Phoenix_CMIP6_MPI_0515_ssp245.csv
Phoenix,ssp245,2080,2080-06-30 09:00:00,2080-07-14 08:00:00,229,2080-07-09 22:00:00,36.629,1004.694,3.879,0.000,0.000,0.000,28.640,0.009498,forecast_Phoenix_CMIP6_MPI_0515_ssp245.csv
Phoenix,ssp245,2080,2080-06-30 09:00:00,2080-07-14 08:00:00,230,2080-07-09 23:00:00,35.934,1004.912,3.761,0.000,0.000,0.000,29.967,0.009592,forecast_Phoenix_CMIP6_MPI_0515_ssp245.csv
Phoenix,ssp245,2080,2080-06-30 09:00:00,2080-07-14 08:00:00,231,2080-07-10 00:00:00,32.949,1006.617,3.241,0.000,0.000,0.000,32.111,0.009729,forecast_Phoenix_CMIP6_MPI_0515_ssp245.csv
Phoenix,ssp245,2080,2080-06-30 09:00:00,2080-07-14 08:00:00,232,2080-07-10 01:00:00,32.149,1006.670,2.927,0.000,0.000,0.000,33.845,0.009880,forecast_Phoenix_CMIP6_MPI_0515_ssp245.csv
Phoenix,ssp245,2080,2080-06-30 09:00:00,2080-07-14 08:00:00,233,2080-07-10 02:00:00,31.435,1006.716,2.751,0.000,0.000,0.000,35.322,0.009954,forecast_Phoenix_CMIP6_MPI_0515_ssp245.csv
Phoenix,ssp245,2080,2080-06-30 09:00:00,2080-07-14 08:00:00,234,2080-07-10 03:00:00,30.706,1006.873,2.544,0.000,0.000,0.000,37.163,0.010111,forecast_Phoenix_CMIP6_MPI_0515_ssp245.csv
Phoenix,ssp245,2080,2080-06-30 09:00:00,2080-07-14 08:00:00,235,2080-07-10 04:00:00,29.997,1007.210,2.412,0.000,0.000,0.000,38.821,0.010216,forecast_Phoenix_CMIP6_MPI_0515_ssp245.csv
Phoenix,ssp245,2080,2080-06-30 09:00:00,2080-07-14 08:00:00,236,2080-07-10 05:00:00,29.629,1007.558,2.385,0.000,0.000,0.000,39.698,0.010251,forecast_Phoenix_CMIP6_MPI_0515_ssp245.csv
Phoenix,ssp245,2080,2080-06-30 09:00:00,2080-07-14 08:00:00,237,2080-07-10 06:00:00,29.474,1008.239,2.501,38.880,25.159,66.143,40.278,0.010322,forecast_Phoenix_CMIP6_MPI_0515_ssp245.csv
Phoenix,ssp245,2080,2080-06-30 09:00:00,2080-07-14 08:00:00,238,2080-07-10 07:00:00,30.428,1008.772,2.773,278.303,77.564,492.593,38.284,0.010291,forecast_Phoenix_CMIP6_MPI_0515_ssp245.csv
Phoenix,ssp245,2080,2080-06-30 09:00:00,2080-07-14 08:00:00,239,2080-07-10 08:00:00,31.832,1009.164,2.991,469.094,87.711,642.106,35.279,0.010186,forecast_Phoenix_CMIP6_MPI_0515_ssp245.csv
Phoenix,ssp245,2080,2080-06-30 09:00:00,2080-07-14 08:00:00,240,2080-07-10 09:00:00,33.439,1009.229,2.885,641.819,92.559,728.406,31.721,0.009942,forecast_Phoenix_CMIP6_MPI_0515_ssp245.csv
Phoenix,ssp245,2080,2080-06-30 09:00:00,2080-07-14 08:00:00,241,2080-07-10 10:00:00,35.120,1009.080,2.733,777.583,90.365,783.684,28.281,0.009649,forecast_Phoenix_CMIP6_MPI_0515_ssp245.csv
Phoenix,ssp245,2080,2080-06-30 09:00:00,2080-07-14 08:00:00,242,2080-07-10 11:00:00,36.162,1008.850,2.767,868.368,86.759,819.181,26.383,0.009508,forecast_Phoenix_CMIP6_MPI_0515_ssp245.csv
Phoenix,ssp245,2080,2080-06-30 09:00:00,2080-07-14 08:00:00,243,2080-07-10 12:00:00,37.545,1008.145,3.048,902.239,84.361,834.165,23.959,0.009276,forecast_Phoenix_CMIP6_MPI_0515_ssp245.csv
Phoenix,ssp245,2080,2080-06-30 09:00:00,2080-07-14 08:00:00,244,2080-07-10 13:00:00,38.596,1007.332,3.377,882.720,83.734,837.393,22.223,0.009096,forecast_Phoenix_CMIP6_MPI_0515_ssp245.csv
Phoenix,ssp245,2080,2080-06-30 09:00:00,2080-07-14 08:00:00,245,2080-07-10 14:00:00,39.425,1006.457,3.801,807.243,85.206,823.390,20.906,0.008945,forecast_Phoenix_CMIP6_MPI_0515_ssp245.csv
Phoenix,ssp245,2080,2080-06-30 09:00:00,2080-07-14 08:00:00,246,2080-07-10 15:00:00,39.925,1005.600,4.141,678.472,82.736,790.039,20.058,0.008814,forecast_Phoenix_CMIP6_MPI_0515_ssp245.csv
Phoenix,ssp245,2080,2080-06-30 09:00:00,2080-07-14 08:00:00,247,2080-07-10 16:00:00,40.034,1004.811,4.511,512.967,81.376,726.638,19.827,0.008730,forecast_Phoenix_CMIP6_MPI_0515_ssp245.csv
Phoenix,ssp245,2080,2080-06-30 09:00:00,2080-07-14 08:00:00,248,2080-07-10 17:00:00,39.941,1004.446,4.668,323.487,73.965,612.301,19.911,0.008704,forecast_Phoenix_CMIP6_MPI_0515_ssp245.csv
Phoenix,ssp245,2080,2080-06-30 09:00:00,2080-07-14 08:00:00,249,2080-07-10 18:00:00,39.351,1004.277,4.880,137.669,59.456,377.041,20.546,0.008684,forecast_Phoenix_CMIP6_MPI_0515_ssp245.csv
Phoenix,ssp245,2080,2080-06-30 09:00:00,2080-07-14 08:00:00,250,2080-07-10 19:00:00,38.373,1004.529,4.758,0.000,0.000,0.000,21.989,0.008789,forecast_Phoenix_CMIP6_MPI_0515_ssp245.csv
Phoenix,ssp245,2080,2080-06-30 09:00:00,2080-07-14 08:00:00,251,2080-07-10 20:00:00,37.079,1005.018,4.192,0.000,0.000,0.000,24.093,0.008962,forecast_Phoenix_CMIP6_MPI_0515_ssp245.csv
Phoenix,ssp245,2080,2080-06-30 09:00:00,2080-07-14 08:00:00,252,2080-07-10 21:00:00,35.852,1005.700,3.789,0.000,0.000,0.000,26.482,0.009256,forecast_Phoenix_CMIP6_MPI_0515_ssp245.csv
Phoenix,ssp245,2080,2080-06-30 09:00:00,2080-07-14 08:00:00,253,2080-07-10 22:00:00,34.668,1006.269,3.591,0.000,0.000,0.000,28.862,0.009514,forecast_Phoenix_CMIP6_MPI_0515_ssp245.csv
Phoenix,ssp245,2080,2080-06-30 09:00:00,2080-07-14 08:00:00,254,2080-07-10 23:00:00,33.972,1006.487,3.481,0.000,0.000,0.000,30.189,0.009608,forecast_Phoenix_CMIP6_MPI_0515_ssp245.csv
Phoenix,ssp245,2080,2080-06-30 09:00:00,2080-07-14 08:00:00,255,2080-07-11 00:00:00,32.626,1008.921,2.301,0.000,0.000,0.000,32.180,0.009734,forecast_Phoenix_CMIP6_MPI_0515_ssp245.csv
Phoenix,ssp245,2080,2080-06-30 09:00:00,2080-07-14 08:00:00,256,2080-07-11 01:00:00,31.826,1008.974,2.077,0.000,0.000,0.000,33.915,0.009885,forecast_Phoenix_CMIP6_MPI_0515_ssp245.csv
Phoenix,ssp245,2080,2080-06-30 09:00:00,2080-07-14 08:00:00,257,2080-07-11 02:00:00,31.112,1009.020,1.953,0.000,0.000,0.000,35.392,0.009959,forecast_Phoenix_CMIP6_MPI_0515_ssp245.csv
Phoenix,ssp245,2080,2080-06-30 09:00:00,2080-07-14 08:00:00,258,2080-07-11 03:00:00,30.383,1009.177,1.806,0.000,0.000,0.000,37.232,0.010116,forecast_Phoenix_CMIP6_MPI_0515_ssp245.csv
Phoenix,ssp245,2080,2080-06-30 09:00:00,2080-07-14 08:00:00,259,2080-07-11 04:00:00,29.674,1009.514,1.712,0.000,0.000,0.000,38.891,0.010221,forecast_Phoenix_CMIP6_MPI_0515_ssp245.csv
Phoenix,ssp245,2080,2080-06-30 09:00:00,2080-07-14 08:00:00,260,2080-07-11 05:00:00,29.306,1009.862,1.694,0.000,0.000,0.000,39.768,0.010256,forecast_Phoenix_CMIP6_MPI_0515_ssp245.csv
Phoenix,ssp245,2080,2080-06-30 09:00:00,2080-07-14 08:00:00,261,2080-07-11 06:00:00,29.151,1010.543,1.776,38.752,25.145,65.988,40.347,0.010327,forecast_Phoenix_CMIP6_MPI_0515_ssp245.csv
Phoenix,ssp245,2080,2080-06-30 09:00:00,2080-07-14 08:00:00,262,2080-07-11 07:00:00,30.105,1011.075,1.969,277.957,77.790,492.438,38.354,0.010296,forecast_Phoenix_CMIP6_MPI_0515_ssp245.csv
Phoenix,ssp245,2080,2080-06-30 09:00:00,2080-07-14 08:00:00,263,2080-07-11 08:00:00,31.508,1011.467,2.123,468.717,87.973,641.951,35.349,0.010191,forecast_Phoenix_CMIP6_MPI_0515_ssp245.csv
Phoenix,ssp245,2080,2080-06-30 09:00:00,2080-07-14 08:00:00,264,2080-07-11 09:00:00,33.115,1011.533,2.048,641.449,92.813,728.251,31.791,0.009947,forecast_Phoenix_CMIP6_MPI_0515_ssp245.csv
Phoenix,ssp245,2080,2080-06-30 09:00:00,2080-07-14 08:00:00,265,2080-07-11 10:00:00,34.797,1011.384,1.940,777.230,90.600,783.529,28.351,0.009654,forecast_Phoenix_CMIP6_MPI_0515_ssp245.csv
Phoenix,ssp245,2080,2080-06-30 09:00:00,2080-07-14 08:00:00,266,2080-07-11 11:00:00,35.839,1011.154,1.964,868.029,86.978,819.026,26.453,0.009513,forecast_Phoenix_CMIP6_MPI_0515_ssp245.csv
Phoenix,ssp245,2080,2080-06-30 09:00:00,2080-07-14 08:00:00,267,2080-07-11 12:00:00,37.222,1010.449,2.164,901.905,84.575,834.010,24.028,0.009281,forecast_Phoenix_CMIP6_MPI_0515_ssp245.csv
Phoenix,ssp245,2080,2080-06-30 09:00:00,2080-07-14 08:00:00,268,2080-07-11 13:00:00,38.273,1009.636,2.397,882.376,83.958,837.239,22.292,0.009101,forecast_Phoenix_CMIP6_MPI_0515_ssp245.csv
Phoenix,ssp245,2080,2080-06-30 09:00:00,2080-07-14 08:00:00,269,2080-07-11 14:00:00,39.101,1008.761,2.698,806.879,85.453,823.235,20.976,0.008950,forecast_Phoenix_CMIP6_MPI_0515_ssp245.csv
Phoenix,ssp245,2080,2080-06-30 09:00:00,2080-07-14 08:00:00,270,2080-07-11 15:00:00,39.602,1007.904,2.939,678.081,83.012,789.884,20.128,0.008819,forecast_Phoenix_CMIP6_MPI_0515_ssp245.csv
Phoenix,ssp245,2080,2080-06-30 09:00:00,2080-07-14 08:00:00,271,2080-07-11 16:00:00,39.711,1007.115,3.202,512.555,81.675,726.483,19.896,0.008735,forecast_Phoenix_CMIP6_MPI_0515_ssp245.csv
Phoenix,ssp245,2080,2080-06-30 09:00:00,2080-07-14 08:00:00,272,2080-07-11 17:00:00,39.618,1006.749,3.313,323.082,74.256,612.147,19.981,0.008709,forecast_Phoenix_CMIP6_MPI_0515_ssp245.csv
Phoenix,ssp245,2080,2080-06-30 09:00:00,2080-07-14 08:00:00,273,2080-07-11 18:00:00,39.028,1006.581,3.464,137.360,59.643,376.886,20.616,0.008688,forecast_Phoenix_CMIP6_MPI_0515_ssp245.csv
Phoenix,ssp245,2080,2080-06-30 09:00:00,2080-07-14 08:00:00,274,2080-07-11 19:00:00,38.050,1006.833,3.377,0.000,0.000,0.000,22.059,0.008794,forecast_Phoenix_CMIP6_MPI_0515_ssp245.csv
Phoenix,ssp245,2080,2080-06-30 09:00:00,2080-07-14 08:00:00,275,2080-07-11 20:00:00,36.756,1007.322,2.975,0.000,0.000,0.000,24.163,0.008967,forecast_Phoenix_CMIP6_MPI_0515_ssp245.csv
Phoenix,ssp245,2080,2080-06-30 09:00:00,2080-07-14 08:00:00,276,2080-07-11 21:00:00,35.529,1008.004,2.689,0.000,0.000,0.000,26.552,0.009261,forecast_Phoenix_CMIP6_MPI_0515_ssp245.csv
Phoenix,ssp245,2080,2080-06-30 09:00:00,2080-07-14 08:00:00,277,2080-07-11 22:00:00,34.345,1008.573,2.549,0.000,0.000,0.000,28.931,0.009519,forecast_Phoenix_CMIP6_MPI_0515_ssp245.csv
Phoenix,ssp245,2080,2080-06-30 09:00:00,2080-07-14 08:00:00,278,2080-07-11 23:00:00,33.649,1008.791,2.471,0.000,0.000,0.000,30.259,0.009613,forecast_Phoenix_CMIP6_MPI_0515_ssp245.csv
Phoenix,ssp245,2080,2080-06-30 09:00:00,2080-07-14 08:00:00,279,2080-07-12 00:00:00,34.306,1009.771,2.391,0.000,0.000,0.000,32.126,0.009730,forecast_Phoenix_CMIP6_MPI_0515_ssp245.csv
Phoenix,ssp245,2080,2080-06-30 09:00:00,2080-07-14 08:00:00,280,2080-07-12 01:00:00,33.506,1009.824,2.159,0.000,0.000,0.000,33.861,0.009881,forecast_Phoenix_CMIP6_MPI_0515_ssp245.csv
Phoenix,ssp245,2080,2080-06-30 09:00:00,2080-07-14 08:00:00,281,2080-07-12 02:00:00,32.792,1009.870,2.029,0.000,0.000,0.000,35.338,0.009955,forecast_Phoenix_CMIP6_MPI_0515_ssp245.csv
Phoenix,ssp245,2080,2080-06-30 09:00:00,2080-07-14 08:00:00,282,2080-07-12 03:00:00,32.063,1010.027,1.877,0.000,0.000,0.000,37.178,0.010112,forecast_Phoenix_CMIP6_MPI_0515_ssp245.csv
Phoenix,ssp245,2080,2080-06-30 09:00:00,2080-07-14 08:00:00,283,2080-07-12 04:00:00,31.354,1010.364,1.779,0.000,0.000,0.000,38.837,0.010217,forecast_Phoenix_CMIP6_MPI_0515_ssp245.csv
Phoenix,ssp245,2080,2080-06-30 09:00:00,2080-07-14 08:00:00,284,2080-07-12 05:00:00,30.986,1010.712,1.760,0.000,0.000,0.000,39.714,0.010252,forecast_Phoenix_CMIP6_MPI_0515_ssp245.csv
Phoenix,ssp245,2080,2080-06-30 09:00:00,2080-07-14 08:00:00,285,2080-07-12 06:00:00,30.831,1011.393,1.845,38.781,25.234,66.109,40.293,0.010323,forecast_Phoenix_CMIP6_MPI_0515_ssp245.csv
Phoenix,ssp245,2080,2080-06-30 09:00:00,2080-07-14 08:00:00,286,2080-07-12 07:00:00,31.785,1011.926,2.046,277.783,78.102,492.558,38.300,0.010292,forecast_Phoenix_CMIP6_MPI_0515_ssp245.csv
Phoenix,ssp245,2080,2080-06-30 09:00:00,2080-07-14 08:00:00,287,2080-07-12 08:00:00,33.188,1012.318,2.207,468.534,88.294,642.071,35.295,0.010187,forecast_Phoenix_CMIP6_MPI_0515_ssp245.csv
Phoenix,ssp245,2080,2080-06-30 09:00:00,2080-07-14 08:00:00,288,2080-07-12 09:00:00,34.795,1012.383,2.128,641.294,93.103,728.371,31.737,0.009943,forecast_Phoenix_CMIP6_MPI_0515_ssp245.csv
Phoenix,ssp245,2080,2080-06-30 09:00:00,2080-07-14 08:00:00,289,2080-07-12 10:00:00,36.477,1012.234,2.016,777.110,90.852,783.649,28.297,0.009650,forecast_Phoenix_CMIP6_MPI_0515_ssp245.csv
Phoenix,ssp245,2080,2080-06-30 09:00:00,2080-07-14 08:00:00,290,2080-07-12 11:00:00,37.519,1012.004,2.041,867.933,87.204,819.146,26.399,0.009509,forecast_Phoenix_CMIP6_MPI_0515_ssp245.csv
Phoenix,ssp245,2080,2080-06-30 09:00:00,2080-07-14 08:00:00,291,2080-07-12 12:00:00,38.902,1011.299,2.249,901.817,84.791,834.130,23.974,0.009277,forecast_Phoenix_CMIP6_MPI_0515_ssp245.csv
Phoenix,ssp245,2080,2080-06-30 09:00:00,2080-07-14 08:00:00,292,2080-07-12 13:00:00,39.953,1010.486,2.491,882.276,84.188,837.359,22.238,0.009098,forecast_Phoenix_CMIP6_MPI_0515_ssp245.csv
Phoenix,ssp245,2080,2080-06-30 09:00:00,2080-07-14 08:00:00,293,2080-07-12 14:00:00,40.781,1009.611,2.804,806.747,85.718,823.355,20.922,0.008946,forecast_Phoenix_CMIP6_MPI_0515_ssp245.csv
Phoenix,ssp245,2080,2080-06-30 09:00:00,2080-07-14 08:00:00,294,2080-07-12 15:00:00,41.282,1008.754,3.055,677.905,83.326,790.004,20.074,0.008815,forecast_Phoenix_CMIP6_MPI_0515_ssp245.csv
Phoenix,ssp245,2080,2080-06-30 09:00:00,2080-07-14 08:00:00,295,2080-07-12 16:00:00,41.391,1007.965,3.328,512.336,82.037,726.603,19.842,0.008731,forecast_Phoenix_CMIP6_MPI_0515_ssp245.csv
Phoenix,ssp245,2080,2080-06-30 09:00:00,2080-07-14 08:00:00,296,2080-07-12 17:00:00,41.298,1007.600,3.443,322.846,74.636,612.267,19.927,0.008705,forecast_Phoenix_CMIP6_MPI_0515_ssp245.csv
Phoenix,ssp245,2080,2080-06-30 09:00:00,2080-07-14 08:00:00,297,2080-07-12 18:00:00,40.708,1007.431,3.600,137.198,59.941,377.006,20.562,0.008685,forecast_Phoenix_CMIP6_MPI_0515_ssp245.csv
Phoenix,ssp245,2080,2080-06-30 09:00:00,2080-07-14 08:00:00,298,2080-07-12 19:00:00,39.730,1007.683,3.510,0.000,0.000,0.000,22.005,0.008790,forecast_Phoenix_CMIP6_MPI_0515_ssp245.csv
Phoenix,ssp245,2080,2080-06-30 09:00:00,2080-07-14 08:00:00,299,2080-07-12 20:00:00,38.436,1008.172,3.093,0.000,0.000,0.000,24.109,0.008963,forecast_Phoenix_CMIP6_MPI_0515_ssp245.csv
Phoenix,ssp245,2080,2080-06-30 09:00:00,2080-07-14 08:00:00,300,2080-07-12 21:00:00,37.209,1008.854,2.795,0.000,0.000,0.000,26.498,0.009257,forecast_Phoenix_CMIP6_MPI_0515_ssp245.csv
Phoenix,ssp245,2080,2080-06-30 09:00:00,2080-07-14 08:00:00,301,2080-07-12 22:00:00,36.025,1009.423,2.649,0.000,0.000,0.000,28.877,0.009515,forecast_Phoenix_CMIP6_MPI_0515_ssp245.csv
Phoenix,ssp245,2080,2080-06-30 09:00:00,2080-07-14 08:00:00,302,2080-07-12 23:00:00,35.329,1009.641,2.568,0.000,0.000,0.000,30.205,0.009609,forecast_Phoenix_CMIP6_MPI_0515_ssp245.csv
Phoenix,ssp245,2080,2080-06-30 09:00:00,2080-07-14 08:00:00,303,2080-07-13 00:00:00,35.431,1009.859,3.103,0.000,0.000,0.000,31.747,0.009704,forecast_Phoenix_CMIP6_MPI_0515_ssp245.csv
Phoenix,ssp245,2080,2080-06-30 09:00:00,2080-07-14 08:00:00,304,2080-07-13 01:00:00,34.631,1009.912,2.801,0.000,0.000,0.000,33.482,0.009855,forecast_Phoenix_CMIP6_MPI_0515_ssp245.csv
Phoenix,ssp245,2080,2080-06-30 09:00:00,2080-07-14 08:00:00,305,2080-07-13 02:00:00,33.917,1009.958,2.632,0.000,0.000,0.000,34.959,0.009929,forecast_Phoenix_CMIP6_MPI_0515_ssp245.csv
Phoenix,ssp245,2080,2080-06-30 09:00:00,2080-07-14 08:00:00,306,2080-07-13 03:00:00,33.189,1010.115,2.434,0.000,0.000,0.000,36.800,0.010086,forecast_Phoenix_CMIP6_MPI_0515_ssp245.csv
Phoenix,ssp245,2080,2080-06-30 09:00:00,2080-07-14 08:00:00,307,2080-07-13 04:00:00,32.480,1010.452,2.307,0.000,0.000,0.000,38.458,0.010191,forecast_Phoenix_CMIP6_MPI_0515_ssp245.csv
Phoenix,ssp245,2080,2080-06-30 09:00:00,2080-07-14 08:00:00,308,2080-07-13 05:00:00,32.112,1010.800,2.281,0.000,0.000,0.000,39.335,0.010226,forecast_Phoenix_CMIP6_MPI_0515_ssp245.csv
Phoenix,ssp245,2080,2080-06-30 09:00:00,2080-07-14 08:00:00,309,2080-07-13 06:00:00,31.957,1011.481,2.393,39.221,25.591,66.952,39.914,0.010297,forecast_Phoenix_CMIP6_MPI_0515_ssp245.csv
Phoenix,ssp245,2080,2080-06-30 09:00:00,2080-07-14 08:00:00,310,2080-07-13 07:00:00,32.910,1012.013,2.654,278.079,78.618,493.402,37.921,0.010265,forecast_Phoenix_CMIP6_MPI_0515_ssp245.csv
Phoenix,ssp245,2080,2080-06-30 09:00:00,2080-07-14 08:00:00,311,2080-07-13 08:00:00,34.314,1012.405,2.863,468.884,88.750,642.915,34.916,0.010161,forecast_Phoenix_CMIP6_MPI_0515_ssp245.csv
Phoenix,ssp245,2080,2080-06-30 09:00:00,2080-07-14 08:00:00,312,2080-07-13 09:00:00,35.921,1012.471,2.761,641.729,93.465,729.215,31.358,0.009917,forecast_Phoenix_CMIP6_MPI_0515_ssp245.csv
Phoenix,ssp245,2080,2080-06-30 09:00:00,2080-07-14 08:00:00,313,2080-07-13 10:00:00,37.602,1012.322,2.615,777.622,91.129,784.493,27.918,0.009624,forecast_Phoenix_CMIP6_MPI_0515_ssp245.csv
Phoenix,ssp245,2080,2080-06-30 09:00:00,2080-07-14 08:00:00,314,2080-07-13 11:00:00,38.645,1012.092,2.648,868.497,87.424,819.990,26.020,0.009483,forecast_Phoenix_CMIP6_MPI_0515_ssp245.csv
Phoenix,ssp245,2080,2080-06-30 09:00:00,2080-07-14 08:00:00,315,2080-07-13 12:00:00,40.028,1011.387,2.918,902.399,84.992,834.974,23.595,0.009251,forecast_Phoenix_CMIP6_MPI_0515_ssp245.csv
Phoenix,ssp245,2080,2080-06-30 09:00:00,2080-07-14 08:00:00,316,2080-07-13 13:00:00,41.079,1010.574,3.233,882.836,84.414,838.203,21.859,0.009071,forecast_Phoenix_CMIP6_MPI_0515_ssp245.csv
Phoenix,ssp245,2080,2080-06-30 09:00:00,2080-07-14 08:00:00,317,2080-07-13 14:00:00,41.907,1009.698,3.641,807.248,86.009,824.199,20.543,0.008920,forecast_Phoenix_CMIP6_MPI_0515_ssp245.csv
Phoenix,ssp245,2080,2080-06-30 09:00:00,2080-07-14 08:00:00,318,2080-07-13 15:00:00,42.408,1008.842,3.967,678.317,83.714,790.848,19.695,0.008789,forecast_Phoenix_CMIP6_MPI_0515_ssp245.csv
Phoenix,ssp245,2080,2080-06-30 09:00:00,2080-07-14 08:00:00,319,2080-07-13 16:00:00,42.516,1008.053,4.322,512.649,82.534,727.447,19.463,0.008705,forecast_Phoenix_CMIP6_MPI_0515_ssp245.csv
Phoenix,ssp245,2080,2080-06-30 09:00:00,2080-07-14 08:00:00,320,2080-07-13 17:00:00,42.423,1007.687,4.472,323.078,75.223,613.111,19.548,0.008679,forecast_Phoenix_CMIP6_MPI_0515_ssp245.csv
Phoenix,ssp245,2080,2080-06-30 09:00:00,2080-07-14 08:00:00,321,2080-07-13 18:00:00,41.834,1007.519,4.676,137.438,60.518,377.850,20.183,0.008658,forecast_Phoenix_CMIP6_MPI_0515_ssp245.csv
Phoenix,ssp245,2080,2080-06-30 09:00:00,2080-07-14 08:00:00,322,2080-07-13 19:00:00,40.856,1007.771,4.559,0.000,0.000,0.000,21.626,0.008764,forecast_Phoenix_CMIP6_MPI_0515_ssp245.csv
Phoenix,ssp245,2080,2080-06-30 09:00:00,2080-07-14 08:00:00,323,2080-07-13 20:00:00,39.561,1008.260,4.016,0.000,0.000,0.000,23.730,0.008937,forecast_Phoenix_CMIP6_MPI_0515_ssp245.csv
Phoenix,ssp245,2080,2080-06-30 09:00:00,2080-07-14 08:00:00,324,2080-07-13 21:00:00,38.334,1008.942,3.629,0.000,0.000,0.000,26.119,0.009231,forecast_Phoenix_CMIP6_MPI_0515_ssp245.csv
Phoenix,ssp245,2080,2080-06-30 09:00:00,2080-07-14 08:00:00,325,2080-07-13 22:00:00,37.150,1009.511,3.438,0.000,0.000,0.000,28.498,0.009489,forecast_Phoenix_CMIP6_MPI_0515_ssp245.csv
Phoenix,ssp245,2080,2080-06-30 09:00:00,2080-07-14 08:00:00,326,2080-07-13 23:00:00,36.454,1009.729,3.334,0.000,0.000,0.000,29.826,0.009582,forecast_Phoenix_CMIP6_MPI_0515_ssp245.csv
Phoenix,ssp245,2080,2080-06-30 09:00:00,2080-07-14 08:00:00,327,2080-07-14 00:00:00,36.238,1008.857,3.714,0.000,0.000,0.000,32.270,0.009740,forecast_Phoenix_CMIP6_MPI_0515_ssp245.csv
Phoenix,ssp245,2080,2080-06-30 09:00:00,2080-07-14 08:00:00,328,2080-07-14 01:00:00,35.439,1008.910,3.354,0.000,0.000,0.000,34.004,0.009891,forecast_Phoenix_CMIP6_MPI_0515_ssp245.csv
Phoenix,ssp245,2080,2080-06-30 09:00:00,2080-07-14 08:00:00,329,2080-07-14 02:00:00,34.725,1008.955,3.153,0.000,0.000,0.000,35.481,0.009965,forecast_Phoenix_CMIP6_MPI_0515_ssp245.csv
Phoenix,ssp245,2080,2080-06-30 09:00:00,2080-07-14 08:00:00,330,2080-07-14 03:00:00,33.996,1009.113,2.916,0.000,0.000,0.000,37.322,0.010122,forecast_Phoenix_CMIP6_MPI_0515_ssp245.csv
Phoenix,ssp245,2080,2080-06-30 09:00:00,2080-07-14 08:00:00,331,2080-07-14 04:00:00,33.287,1009.450,2.765,0.000,0.000,0.000,38.980,0.010227,forecast_Phoenix_CMIP6_MPI_0515_ssp245.csv
Phoenix,ssp245,2080,2080-06-30 09:00:00,2080-07-14 08:00:00,332,2080-07-14 05:00:00,32.919,1009.798,2.735,0.000,0.000,0.000,39.857,0.010262,forecast_Phoenix_CMIP6_MPI_0515_ssp245.csv
Phoenix,ssp245,2080,2080-06-30 09:00:00,2080-07-14 08:00:00,333,2080-07-14 06:00:00,32.764,1010.478,2.868,38.512,25.211,65.789,40.437,0.010333,forecast_Phoenix_CMIP6_MPI_0515_ssp245.csv
Phoenix,ssp245,2080,2080-06-30 09:00:00,2080-07-14 08:00:00,334,2080-07-14 07:00:00,33.718,1011.011,3.178,277.025,78.619,492.239,38.443,0.010302,forecast_Phoenix_CMIP6_MPI_0515_ssp245.csv
Phoenix,ssp245,2080,2080-06-30 09:00:00,2080-07-14 08:00:00,335,2080-07-14 08:00:00,35.121,1011.403,3.428,467.704,88.890,641.752,35.438,0.010197,forecast_Phoenix_CMIP6_MPI_0515_ssp245.csv
