x_m,y_m,Ta_C,RH_percent
0.250,0.250,24.826,68.095
0.353,0.250,24.819,68.071
0.457,0.250,24.816,68.060
0.560,0.250,24.818,68.068
0.663,0.250,24.826,68.099
0.767,0.250,24.841,68.158
0.870,0.250,24.863,68.247
0.973,0.250,24.892,68.363
1.077,0.250,24.925,68.501
1.180,0.250,24.961,68.652
1.283,0.250,24.996,68.805
1.387,0.250,25.029,68.951
1.490,0.250,25.056,69.081
1.593,0.250,25.079,69.191
1.697,0.250,25.096,69.279
1.800,0.250,25.110,69.346
1.903,0.250,25.121,69.397
2.007,0.250,25.132,69.437
2.110,0.250,25.145,69.472
2.213,0.250,25.161,69.510
2.317,0.250,25.184,69.556
2.420,0.250,25.213,69.615
2.523,0.250,25.250,69.691
2.627,0.250,25.294,69.786
2.730,0.250,25.347,69.902
2.833,0.250,25.407,70.038
2.937,0.250,25.474,70.192
3.040,0.250,25.545,70.362
3.143,0.250,25.621,70.544
3.247,0.250,25.699,70.734
3.350,0.250,25.777,70.926
3.453,0.250,25.852,71.115
3.557,0.250,25.923,71.293
3.660,0.250,25.987,71.456
3.763,0.250,26.042,71.596
3.867,0.250,26.087,71.709
3.970,0.250,26.120,71.794
4.073,0.250,26.141,71.850
4.177,0.250,26.153,71.881
4.280,0.250,26.158,71.893
4.383,0.250,26.157,71.893
4.487,0.250,26.156,71.891
4.590,0.250,26.157,71.897
4.693,0.250,26.164,71.917
4.797,0.250,26.178,71.960
4.900,0.250,26.201,72.027
5.003,0.250,26.234,72.120
5.107,0.250,26.276,72.237
5.210,0.250,26.325,72.373
5.313,0.250,26.379,72.521
5.417,0.250,26.434,72.674
5.520,0.250,26.488,72.823
5.623,0.250,26.538,72.961
5.727,0.250,26.581,73.080
5.830,0.250,26.616,73.176
5.933,0.250,26.642,73.247
6.037,0.250,26.658,73.290
6.140,0.250,26.664,73.307
6.243,0.250,26.661,73.300
6.347,0.250,26.651,73.272
6.450,0.250,26.635,73.228
0.250,0.385,24.816,68.059
0.353,0.385,24.808,68.031
0.457,0.385,24.804,68.015
0.560,0.385,24.805,68.018
0.663,0.385,24.812,68.047
0.767,0.385,24.828,68.108
0.870,0.385,24.851,68.201
0.973,0.385,24.882,68.327
1.077,0.385,24.918,68.479
1.180,0.385,24.956,68.646
1.283,0.385,24.994,68.816
1.387,0.385,25.029,68.976
1.490,0.385,25.057,69.117
1.593,0.385,25.079,69.233
1.697,0.385,25.094,69.321
1.800,0.385,25.105,69.384
1.903,0.385,25.112,69.425
2.007,0.385,25.119,69.454
2.110,0.385,25.128,69.476
2.213,0.385,25.142,69.501
2.317,0.385,25.162,69.536
2.420,0.385,25.190,69.587
2.523,0.385,25.227,69.657
2.627,0.385,25.273,69.750
2.730,0.385,25.327,69.867
2.833,0.385,25.390,70.006
2.937,0.385,25.461,70.167
3.040,0.385,25.537,70.345
3.143,0.385,25.617,70.538
3.247,0.385,25.701,70.740
3.350,0.385,25.784,70.946
3.453,0.385,25.865,71.149
3.557,0.385,25.941,71.341
3.660,0.385,26.010,71.515
3.763,0.385,26.069,71.665
3.867,0.385,26.116,71.785
3.970,0.385,26.150,71.872
4.073,0.385,26.171,71.926
4.177,0.385,26.181,71.951
4.280,0.385,26.181,71.953
4.383,0.385,26.177,71.942
4.487,0.385,26.171,71.930
4.590,0.385,26.169,71.927
4.693,0.385,26.174,71.945
4.797,0.385,26.189,71.990
4.900,0.385,26.216,72.066
5.003,0.385,26.255,72.175
5.107,0.385,26.304,72.313
5.210,0.385,26.362,72.475
5.313,0.385,26.426,72.652
5.417,0.385,26.492,72.835
5.520,0.385,26.557,73.012
5.623,0.385,26.615,73.173
5.727,0.385,26.665,73.310
5.830,0.385,26.704,73.418
5.933,0.385,26.731,73.492
6.037,0.385,26.746,73.533
6.140,0.385,26.750,73.542
6.243,0.385,26.742,73.523
6.347,0.385,26.727,73.480
6.450,0.385,26.704,73.418
0.250,0.520,24.813,68.049
0.353,0.520,24.805,68.019
0.457,0.520,24.801,68.002
0.560,0.520,24.801,68.004
0.663,0.520,24.808,68.033
0.767,0.520,24.824,68.094
0.870,0.520,24.848,68.191
0.973,0.520,24.879,68.322
1.077,0.520,24.917,68.482
1.180,0.520,24.957,68.659
1.283,0.520,24.996,68.840
1.387,0.520,25.031,69.010
1.490,0.520,25.060,69.159
1.593,0.520,25.081,69.278
1.697,0.520,25.094,69.366
1.800,0.520,25.102,69.423
1.903,0.520,25.106,69.457
2.007,0.520,25.109,69.474
2.110,0.520,25.115,69.484
2.213,0.520,25.125,69.497
2.317,0.520,25.143,69.521
2.420,0.520,25.170,69.563
2.523,0.520,25.207,69.627
2.627,0.520,25.253,69.717
2.730,0.520,25.309,69.832
2.833,0.520,25.374,69.973
2.937,0.520,25.447,70.137
3.040,0.520,25.526,70.321
3.143,0.520,25.610,70.521
3.247,0.520,25.697,70.731
3.350,0.520,25.784,70.946
3.453,0.520,25.869,71.158
3.557,0.520,25.949,71.361
3.660,0.520,26.022,71.545
3.763,0.520,26.084,71.703
3.867,0.520,26.133,71.829
3.970,0.520,26.168,71.918
4.073,0.520,26.189,71.972
4.177,0.520,26.197,71.992
4.280,0.520,26.195,71.988
4.383,0.520,26.188,71.970
4.487,0.520,26.180,71.951
4.590,0.520,26.176,71.945
4.693,0.520,26.181,71.963
4.797,0.520,26.198,72.013
4.900,0.520,26.229,72.102
5.003,0.520,26.274,72.229
5.107,0.520,26.332,72.391
5.210,0.520,26.401,72.582
5.313,0.520,26.477,72.791
5.417,0.520,26.554,73.005
5.520,0.520,26.629,73.212
5.623,0.520,26.697,73.398
5.727,0.520,26.754,73.554
5.830,0.520,26.797,73.672
5.933,0.520,26.825,73.749
6.037,0.520,26.838,73.785
6.140,0.520,26.837,73.782
6.243,0.520,26.825,73.748
6.347,0.520,26.802,73.686
6.450,0.520,26.772,73.604
0.250,0.655,24.817,68.065
0.353,0.655,24.810,68.039
0.457,0.655,24.806,68.025
0.560,0.655,24.808,68.030
0.663,0.655,24.815,68.060
0.767,0.655,24.831,68.122
0.870,0.655,24.854,68.220
0.973,0.655,24.885,68.351
1.077,0.655,24.922,68.511
1.180,0.655,24.962,68.688
1.283,0.655,25.000,68.870
1.387,0.655,25.035,69.043
1.490,0.655,25.063,69.193
1.593,0.655,25.083,69.314
1.697,0.655,25.095,69.401
1.800,0.655,25.100,69.455
1.903,0.655,25.102,69.483
2.007,0.655,25.102,69.492
2.110,0.655,25.105,69.492
2.213,0.655,25.114,69.496
2.317,0.655,25.130,69.511
2.420,0.655,25.156,69.545
2.523,0.655,25.192,69.604
2.627,0.655,25.238,69.689
2.730,0.655,25.294,69.802
2.833,0.655,25.360,69.942
2.937,0.655,25.433,70.105
3.040,0.655,25.513,70.290
3.143,0.655,25.598,70.491
3.247,0.655,25.686,70.704
3.350,0.655,25.775,70.922
3.453,0.655,25.861,71.139
3.557,0.655,25.944,71.345
3.660,0.655,26.018,71.534
3.763,0.655,26.082,71.697
3.867,0.655,26.133,71.827
3.970,0.655,26.169,71.920
4.073,0.655,26.190,71.975
4.177,0.655,26.198,71.996
4.280,0.655,26.196,71.991
4.383,0.655,26.189,71.972
4.487,0.655,26.181,71.953
4.590,0.655,26.178,71.949
4.693,0.655,26.185,71.973
4.797,0.655,26.205,72.033
4.900,0.655,26.241,72.137
5.003,0.655,26.294,72.283
5.107,0.655,26.361,72.471
5.210,0.655,26.440,72.690
5.313,0.655,26.527,72.930
5.417,0.655,26.616,73.176
5.520,0.655,26.702,73.412
5.623,0.655,26.779,73.624
5.727,0.655,26.843,73.797
5.830,0.655,26.889,73.925
5.933,0.655,26.918,74.002
6.037,0.655,26.928,74.031
6.140,0.655,26.922,74.015
6.243,0.655,26.903,73.962
6.347,0.655,26.873,73.880
6.450,0.655,26.835,73.777
0.250,0.790,24.827,68.102
0.353,0.790,24.822,68.083
0.457,0.790,24.820,68.077
0.560,0.790,24.822,68.087
0.663,0.790,24.830,68.121
0.767,0.790,24.846,68.184
0.870,0.790,24.868,68.279
0.973,0.790,24.897,68.404
1.077,0.790,24.932,68.555
1.180,0.790,24.969,68.723
1.283,0.790,25.005,68.896
1.387,0.790,25.038,69.062
1.490,0.790,25.064,69.209
1.593,0.790,25.084,69.328
1.697,0.790,25.095,69.415
1.800,0.790,25.100,69.468
1.903,0.790,25.100,69.494
2.007,0.790,25.100,69.500
2.110,0.790,25.102,69.497
2.213,0.790,25.109,69.495
2.317,0.790,25.124,69.505
2.420,0.790,25.149,69.534
2.523,0.790,25.184,69.588
2.627,0.790,25.229,69.669
2.730,0.790,25.285,69.778
2.833,0.790,25.349,69.913
2.937,0.790,25.421,70.073
3.040,0.790,25.500,70.253
3.143,0.790,25.583,70.450
3.247,0.790,25.669,70.659
3.350,0.790,25.757,70.874
3.453,0.790,25.842,71.088
3.557,0.790,25.923,71.293
3.660,0.790,25.998,71.481
3.763,0.790,26.061,71.644
3.867,0.790,26.113,71.776
3.970,0.790,26.150,71.872
4.073,0.790,26.173,71.932
4.177,0.790,26.183,71.958
4.280,0.790,26.184,71.959
4.383,0.790,26.179,71.947
4.487,0.790,26.174,71.937
4.590,0.790,26.175,71.943
4.693,0.790,26.186,71.978
4.797,0.790,26.211,72.052
4.900,0.790,26.253,72.171
5.003,0.790,26.312,72.337
5.107,0.790,26.388,72.546
5.210,0.790,26.476,72.790
5.313,0.790,26.573,73.057
5.417,0.790,26.672,73.331
5.520,0.790,26.768,73.593
5.623,0.790,26.853,73.827
5.727,0.790,26.923,74.016
5.830,0.790,26.972,74.152
5.933,0.790,27.001,74.229
6.037,0.790,27.008,74.249
6.140,0.790,26.997,74.219
6.243,0.790,26.971,74.148
6.347,0.790,26.933,74.045
6.450,0.790,26.888,73.921
0.250,0.925,24.838,68.149
0.353,0.925,24.836,68.141
0.457,0.925,24.836,68.143
0.560,0.925,24.840,68.160
0.663,0.925,24.849,68.198
0.767,0.925,24.864,68.260
0.870,0.925,24.885,68.349
0.973,0.925,24.911,68.463
1.077,0.925,24.941,68.600
1.180,0.925,24.974,68.751
1.283,0.925,25.007,68.909
1.387,0.925,25.037,69.062
1.490,0.925,25.063,69.199
1.593,0.925,25.081,69.314
1.697,0.925,25.093,69.399
1.800,0.925,25.099,69.455
1.903,0.925,25.101,69.483
2.007,0.925,25.101,69.492
2.110,0.925,25.104,69.491
2.213,0.925,25.111,69.490
2.317,0.925,25.126,69.500
2.420,0.925,25.150,69.527
2.523,0.925,25.183,69.578
2.627,0.925,25.227,69.655
2.730,0.925,25.280,69.758
2.833,0.925,25.341,69.887
2.937,0.925,25.410,70.039
3.040,0.925,25.485,70.211
3.143,0.925,25.565,70.399
3.247,0.925,25.647,70.599
3.350,0.925,25.730,70.804
3.453,0.925,25.812,71.009
3.557,0.925,25.891,71.206
3.660,0.925,25.962,71.389
3.763,0.925,26.025,71.549
3.867,0.925,26.076,71.680
3.970,0.925,26.114,71.779
4.073,0.925,26.140,71.845
4.177,0.925,26.153,71.881
4.280,0.925,26.158,71.895
4.383,0.925,26.159,71.898
4.487,0.925,26.160,71.904
4.590,0.925,26.167,71.926
4.693,0.925,26.184,71.977
4.797,0.925,26.216,72.067
4.900,0.925,26.263,72.201
5.003,0.925,26.328,72.382
5.107,0.925,26.409,72.607
5.210,0.925,26.504,72.868
5.313,0.925,26.608,73.154
5.417,0.925,26.714,73.447
5.520,0.925,26.817,73.728
5.623,0.925,26.909,73.978
5.727,0.925,26.983,74.180
5.830,0.925,27.035,74.322
5.933,0.925,27.063,74.398
6.037,0.925,27.068,74.412
6.140,0.925,27.052,74.369
6.243,0.925,27.020,74.283
6.347,0.925,26.976,74.163
6.450,0.925,26.924,74.022
0.250,1.060,24.849,68.195
0.353,1.060,24.849,68.196
0.457,1.060,24.851,68.206
0.560,1.060,24.857,68.230
0.663,1.060,24.866,68.270
0.767,1.060,24.880,68.330
0.870,1.060,24.899,68.410
0.973,1.060,24.922,68.512
1.077,1.060,24.948,68.631
1.180,1.060,24.977,68.763
1.283,1.060,25.006,68.901
1.387,1.060,25.033,69.037
1.490,1.060,25.057,69.163
1.593,1.060,25.076,69.271
1.697,1.060,25.089,69.355
1.800,1.060,25.097,69.413
1.903,1.060,25.101,69.448
2.007,1.060,25.104,69.464
2.110,1.060,25.109,69.470
2.213,1.060,25.118,69.476
2.317,1.060,25.133,69.490
2.420,1.060,25.156,69.519
2.523,1.060,25.188,69.569
2.627,1.060,25.229,69.643
2.730,1.060,25.279,69.740
2.833,1.060,25.336,69.861
2.937,1.060,25.401,70.003
3.040,1.060,25.470,70.164
3.143,1.060,25.544,70.339
3.247,1.060,25.621,70.525
3.350,1.060,25.698,70.717
3.453,1.060,25.775,70.909
3.557,1.060,25.848,71.094
3.660,1.060,25.916,71.267
3.763,1.060,25.976,71.421
3.867,1.060,26.026,71.551
3.970,1.060,26.065,71.653
4.073,1.060,26.094,71.727
4.177,1.060,26.112,71.776
4.280,1.060,26.124,71.807
4.383,1.060,26.132,71.830
4.487,1.060,26.141,71.857
4.590,1.060,26.155,71.899
4.693,1.060,26.180,71.969
4.797,1.060,26.217,72.074
4.900,1.060,26.269,72.221
5.003,1.060,26.338,72.412
5.107,1.060,26.422,72.644
5.210,1.060,26.519,72.912
5.313,1.060,26.625,73.203
5.417,1.060,26.734,73.503
5.520,1.060,26.840,73.792
5.623,1.060,26.935,74.050
5.727,1.060,27.011,74.259
5.830,1.060,27.065,74.405
5.933,1.060,27.093,74.482
6.037,1.060,27.097,74.491
6.140,1.060,27.079,74.442
6.243,1.060,27.043,74.346
6.347,1.060,26.996,74.217
6.450,1.060,26.940,74.066
0.250,1.195,24.856,68.228
0.353,1.195,24.858,68.236
0.457,1.195,24.861,68.252
0.560,1.195,24.868,68.279
0.663,1.195,24.877,68.320
0.767,1.195,24.890,68.375
0.870,1.195,24.906,68.447
0.973,1.195,24.926,68.535
1.077,1.195,24.949,68.637
1.180,1.195,24.974,68.750
1.283,1.195,25.000,68.870
1.387,1.195,25.024,68.989
1.490,1.195,25.047,69.102
1.593,1.195,25.066,69.203
1.697,1.195,25.081,69.285
1.800,1.195,25.092,69.347
1.903,1.195,25.100,69.389
2.007,1.195,25.106,69.415
2.110,1.195,25.114,69.432
2.213,1.195,25.125,69.448
2.317,1.195,25.141,69.470
2.420,1.195,25.164,69.504
2.523,1.195,25.195,69.555
2.627,1.195,25.233,69.627
2.730,1.195,25.279,69.719
2.833,1.195,25.332,69.832
2.937,1.195,25.391,69.963
3.040,1.195,25.454,70.111
3.143,1.195,25.522,70.272
3.247,1.195,25.592,70.442
3.350,1.195,25.663,70.618
3.453,1.195,25.733,70.795
3.557,1.195,25.800,70.967
3.660,1.195,25.863,71.128
3.763,1.195,25.920,71.275
3.867,1.195,25.969,71.402
3.970,1.195,26.009,71.507
4.073,1.195,26.041,71.590
4.177,1.195,26.065,71.653
4.280,1.195,26.083,71.704
4.383,1.195,26.099,71.748
4.487,1.195,26.117,71.798
4.590,1.195,26.139,71.861
4.693,1.195,26.170,71.949
4.797,1.195,26.213,72.068
4.900,1.195,26.268,72.223
5.003,1.195,26.338,72.417
5.107,1.195,26.422,72.647
5.210,1.195,26.517,72.909
5.313,1.195,26.621,73.194
5.417,1.195,26.728,73.487
5.520,1.195,26.832,73.771
5.623,1.195,26.925,74.026
5.727,1.195,27.002,74.234
5.830,1.195,27.056,74.380
5.933,1.195,27.085,74.459
6.037,1.195,27.089,74.470
6.140,1.195,27.071,74.421
6.243,1.195,27.035,74.325
6.347,1.195,26.987,74.194
6.450,1.195,26.931,74.042
0.250,1.330,24.857,68.240
0.353,1.330,24.860,68.252
0.457,1.330,24.864,68.271
0.560,1.330,24.870,68.299
0.663,1.330,24.879,68.337
0.767,1.330,24.890,68.387
0.870,1.330,24.905,68.450
0.973,1.330,24.922,68.526
1.077,1.330,24.942,68.613
1.180,1.330,24.964,68.710
1.283,1.330,24.987,68.814
1.387,1.330,25.010,68.919
1.490,1.330,25.032,69.021
1.593,1.330,25.052,69.114
1.697,1.330,25.068,69.194
1.800,1.330,25.082,69.260
1.903,1.330,25.094,69.309
2.007,1.330,25.104,69.347
2.110,1.330,25.116,69.376
2.213,1.330,25.129,69.403
2.317,1.330,25.147,69.435
2.420,1.330,25.171,69.476
2.523,1.330,25.200,69.531
2.627,1.330,25.236,69.602
2.730,1.330,25.278,69.690
2.833,1.330,25.326,69.795
2.937,1.330,25.380,69.916
3.040,1.330,25.437,70.051
3.143,1.330,25.498,70.197
3.247,1.330,25.561,70.352
3.350,1.330,25.625,70.512
3.453,1.330,25.688,70.673
3.557,1.330,25.750,70.831
3.660,1.330,25.809,70.982
3.763,1.330,25.862,71.121
3.867,1.330,25.910,71.246
3.970,1.330,25.951,71.354
4.073,1.330,25.986,71.446
4.177,1.330,26.015,71.524
4.280,1.330,26.040,71.592
4.383,1.330,26.064,71.658
4.487,1.330,26.089,71.728
4.590,1.330,26.119,71.811
4.693,1.330,26.155,71.914
4.797,1.330,26.201,72.043
4.900,1.330,26.259,72.202
5.003,1.330,26.327,72.392
5.107,1.330,26.407,72.613
5.210,1.330,26.497,72.860
5.313,1.330,26.595,73.126
5.417,1.330,26.695,73.399
5.520,1.330,26.792,73.665
5.623,1.330,26.881,73.906
5.727,1.330,26.954,74.104
5.830,1.330,27.007,74.247
5.933,1.330,27.036,74.327
6.037,1.330,27.042,74.343
6.140,1.330,27.027,74.302
6.243,1.330,26.994,74.214
6.347,1.330,26.950,74.093
6.450,1.330,26.897,73.950
0.250,1.465,24.850,68.225
0.353,1.465,24.853,68.237
0.457,1.465,24.857,68.256
0.560,1.465,24.862,68.282
0.663,1.465,24.870,68.316
0.767,1.465,24.880,68.360
0.870,1.465,24.893,68.415
0.973,1.465,24.909,68.480
1.077,1.465,24.926,68.556
1.180,1.465,24.946,68.640
1.283,1.465,24.967,68.731
1.387,1.465,24.989,68.825
1.490,1.465,25.011,68.918
1.593,1.465,25.032,69.006
1.697,1.465,25.050,69.086
1.800,1.465,25.067,69.155
1.903,1.465,25.082,69.212
2.007,1.465,25.097,69.260
2.110,1.465,25.112,69.301
2.213,1.465,25.128,69.341
2.317,1.465,25.148,69.383
2.420,1.465,25.172,69.432
2.523,1.465,25.201,69.491
2.627,1.465,25.235,69.563
2.730,1.465,25.274,69.648
2.833,1.465,25.318,69.747
2.937,1.465,25.366,69.859
3.040,1.465,25.417,69.982
3.143,1.465,25.472,70.115
3.247,1.465,25.528,70.256
3.350,1.465,25.586,70.401
3.453,1.465,25.643,70.548
3.557,1.465,25.700,70.693
3.660,1.465,25.754,70.834
3.763,1.465,25.805,70.967
3.867,1.465,25.852,71.090
3.970,1.465,25.894,71.202
4.073,1.465,25.931,71.302
4.177,1.465,25.965,71.393
4.280,1.465,25.996,71.477
4.383,1.465,26.026,71.561
4.487,1.465,26.058,71.649
4.590,1.465,26.093,71.748
4.693,1.465,26.135,71.863
4.797,1.465,26.183,71.998
4.900,1.465,26.240,72.156
5.003,1.465,26.306,72.339
5.107,1.465,26.380,72.544
5.210,1.465,26.462,72.770
5.313,1.465,26.550,73.010
5.417,1.465,26.640,73.254
5.520,1.465,26.727,73.492
5.623,1.465,26.807,73.709
5.727,1.465,26.874,73.890
5.830,1.465,26.924,74.025
5.933,1.465,26.953,74.104
6.037,1.465,26.961,74.127
6.140,1.465,26.951,74.098
6.243,1.465,26.924,74.026
6.347,1.465,26.886,73.923
6.450,1.465,26.840,73.798
0.250,1.600,24.835,68.182
0.353,1.600,24.837,68.192
0.457,1.600,24.840,68.206
0.560,1.600,24.844,68.228
0.663,1.600,24.851,68.256
0.767,1.600,24.859,68.293
0.870,1.600,24.870,68.340
0.973,1.600,24.884,68.396
1.077,1.600,24.900,68.462
1.180,1.600,24.919,68.537
1.283,1.600,24.939,68.619
1.387,1.600,24.961,68.706
1.490,1.600,24.983,68.794
1.593,1.600,25.005,68.879
1.697,1.600,25.026,68.960
1.800,1.600,25.045,69.033
1.903,1.600,25.064,69.099
2.007,1.600,25.082,69.157
2.110,1.600,25.101,69.210
2.213,1.600,25.121,69.262
2.317,1.600,25.143,69.314
2.420,1.600,25.168,69.372
2.523,1.600,25.196,69.436
2.627,1.600,25.229,69.510
2.730,1.600,25.265,69.594
2.833,1.600,25.305,69.688
2.937,1.600,25.349,69.792
3.040,1.600,25.395,69.905
3.143,1.600,25.444,70.026
3.247,1.600,25.494,70.154
3.350,1.600,25.546,70.286
3.453,1.600,25.599,70.421
3.557,1.600,25.650,70.556
3.660,1.600,25.701,70.689
3.763,1.600,25.750,70.817
3.867,1.600,25.796,70.939
3.970,1.600,25.838,71.054
4.073,1.600,25.878,71.162
4.177,1.600,25.916,71.264
4.280,1.600,25.952,71.362
4.383,1.600,25.988,71.461
4.487,1.600,26.025,71.564
4.590,1.600,26.065,71.676
4.693,1.600,26.109,71.799
4.797,1.600,26.158,71.937
4.900,1.600,26.214,72.091
5.003,1.600,26.276,72.263
5.107,1.600,26.343,72.450
5.210,1.600,26.416,72.651
5.313,1.600,26.493,72.861
5.417,1.600,26.571,73.072
5.520,1.600,26.646,73.277
5.623,1.600,26.715,73.465
5.727,1.600,26.774,73.624
5.830,1.600,26.819,73.745
5.933,1.600,26.847,73.821
6.037,1.600,26.858,73.850
6.140,1.600,26.853,73.836
6.243,1.600,26.833,73.783
6.347,1.600,26.803,73.702
6.450,1.600,26.766,73.600
0.250,1.735,24.812,68.112
0.353,1.735,24.811,68.115
0.457,1.735,24.812,68.123
0.560,1.735,24.815,68.137
0.663,1.735,24.819,68.157
0.767,1.735,24.826,68.186
0.870,1.735,24.836,68.224
0.973,1.735,24.848,68.273
1.077,1.735,24.863,68.331
1.180,1.735,24.881,68.400
1.283,1.735,24.901,68.477
1.387,1.735,24.923,68.560
1.490,1.735,24.946,68.646
1.593,1.735,24.970,68.733
1.697,1.735,24.994,68.817
1.800,1.735,25.017,68.897
1.903,1.735,25.039,68.972
2.007,1.735,25.061,69.041
2.110,1.735,25.083,69.106
2.213,1.735,25.106,69.169
2.317,1.735,25.130,69.232
2.420,1.735,25.157,69.297
2.523,1.735,25.186,69.367
2.627,1.735,25.217,69.443
2.730,1.735,25.251,69.526
2.833,1.735,25.288,69.616
2.937,1.735,25.327,69.714
3.040,1.735,25.369,69.819
3.143,1.735,25.413,69.930
3.247,1.735,25.459,70.047
3.350,1.735,25.506,70.169
3.453,1.735,25.554,70.294
3.557,1.735,25.602,70.420
3.660,1.735,25.650,70.547
3.763,1.735,25.697,70.672
3.867,1.735,25.742,70.794
3.970,1.735,25.786,70.912
4.073,1.735,25.828,71.027
4.177,1.735,25.869,71.139
4.280,1.735,25.909,71.249
4.383,1.735,25.949,71.361
4.487,1.735,25.990,71.476
4.590,1.735,26.033,71.597
4.693,1.735,26.080,71.726
4.797,1.735,26.129,71.865
4.900,1.735,26.183,72.015
5.003,1.735,26.240,72.175
5.107,1.735,26.301,72.344
5.210,1.735,26.365,72.520
5.313,1.735,26.430,72.700
5.417,1.735,26.496,72.878
5.520,1.735,26.559,73.050
5.623,1.735,26.617,73.206
5.727,1.735,26.666,73.341
5.830,1.735,26.705,73.445
5.933,1.735,26.732,73.516
6.037,1.735,26.744,73.549
6.140,1.735,26.744,73.547
6.243,1.735,26.732,73.514
6.347,1.735,26.710,73.455
6.450,1.735,26.682,73.378
0.250,1.870,24.781,68.016
0.353,1.870,24.778,68.010
0.457,1.870,24.776,68.008
0.560,1.870,24.776,68.011
0.663,1.870,24.777,68.021
0.767,1.870,24.782,68.041
0.870,1.870,24.789,68.070
0.973,1.870,24.800,68.110
1.077,1.870,24.814,68.163
1.180,1.870,24.831,68.227
1.283,1.870,24.852,68.302
1.387,1.870,24.876,68.386
1.490,1.870,24.901,68.475
1.593,1.870,24.928,68.567
1.697,1.870,24.955,68.658
1.800,1.870,24.981,68.747
1.903,1.870,25.008,68.833
2.007,1.870,25.034,68.913
2.110,1.870,25.060,68.990
2.213,1.870,25.086,69.065
2.317,1.870,25.112,69.138
2.420,1.870,25.140,69.211
2.523,1.870,25.169,69.286
2.627,1.870,25.200,69.365
2.730,1.870,25.232,69.447
2.833,1.870,25.267,69.535
2.937,1.870,25.303,69.627
3.040,1.870,25.341,69.724
3.143,1.870,25.381,69.827
3.247,1.870,25.422,69.935
3.350,1.870,25.465,70.048
3.453,1.870,25.509,70.165
3.557,1.870,25.554,70.285
3.660,1.870,25.600,70.407
3.763,1.870,25.645,70.530
3.867,1.870,25.691,70.653
3.970,1.870,25.735,70.776
4.073,1.870,25.780,70.897
4.177,1.870,25.824,71.018
4.280,1.870,25.867,71.139
4.383,1.870,25.911,71.262
4.487,1.870,25.956,71.387
4.590,1.870,26.002,71.517
4.693,1.870,26.049,71.651
4.797,1.870,26.099,71.791
4.900,1.870,26.150,71.936
5.003,1.870,26.204,72.086
5.107,1.870,26.259,72.239
5.210,1.870,26.314,72.393
5.313,1.870,26.369,72.547
5.417,1.870,26.424,72.695
5.520,1.870,26.475,72.836
5.623,1.870,26.522,72.963
5.727,1.870,26.563,73.073
5.830,1.870,26.596,73.161
5.933,1.870,26.619,73.223
6.037,1.870,26.632,73.258
6.140,1.870,26.636,73.265
6.243,1.870,26.630,73.247
6.347,1.870,26.616,73.209
6.450,1.870,26.596,73.153
0.250,2.005,24.744,67.900
0.353,2.005,24.737,67.881
0.457,2.005,24.732,67.866
0.560,2.005,24.727,67.856
0.663,2.005,24.725,67.853
0.767,2.005,24.726,67.860
0.870,2.005,24.731,67.879
0.973,2.005,24.740,67.912
1.077,2.005,24.753,67.959
1.180,2.005,24.771,68.022
1.283,2.005,24.793,68.098
1.387,2.005,24.819,68.186
1.490,2.005,24.848,68.282
1.593,2.005,24.878,68.383
1.697,2.005,24.909,68.485
1.800,2.005,24.940,68.587
1.903,2.005,24.971,68.685
2.007,2.005,25.001,68.779
2.110,2.005,25.031,68.868
2.213,2.005,25.060,68.954
2.317,2.005,25.089,69.037
2.420,2.005,25.119,69.118
2.523,2.005,25.148,69.198
2.627,2.005,25.178,69.279
2.730,2.005,25.209,69.361
2.833,2.005,25.241,69.445
2.937,2.005,25.275,69.532
3.040,2.005,25.309,69.623
3.143,2.005,25.345,69.719
3.247,2.005,25.383,69.819
3.350,2.005,25.422,69.924
3.453,2.005,25.463,70.034
3.557,2.005,25.506,70.149
3.660,2.005,25.550,70.268
3.763,2.005,25.595,70.391
3.867,2.005,25.641,70.516
3.970,2.005,25.687,70.643
4.073,2.005,25.734,70.772
4.177,2.005,25.780,70.902
4.280,2.005,25.827,71.033
4.383,2.005,25.875,71.167
4.487,2.005,25.923,71.302
4.590,2.005,25.971,71.440
4.693,2.005,26.020,71.580
4.797,2.005,26.070,71.723
4.900,2.005,26.121,71.866
5.003,2.005,26.171,72.009
5.107,2.005,26.221,72.150
5.210,2.005,26.269,72.288
5.313,2.005,26.317,72.419
5.417,2.005,26.361,72.544
5.520,2.005,26.403,72.658
5.623,2.005,26.441,72.760
5.727,2.005,26.473,72.848
5.830,2.005,26.500,72.919
5.933,2.005,26.520,72.971
6.037,2.005,26.533,73.003
6.140,2.005,26.538,73.015
6.243,2.005,26.536,73.007
6.347,2.005,26.528,72.983
6.450,2.005,26.515,72.944
0.250,2.140,24.703,67.769
0.353,2.140,24.692,67.736
0.457,2.140,24.681,67.704
0.560,2.140,24.672,67.678
0.663,2.140,24.665,67.660
0.767,2.140,24.662,67.652
0.870,2.140,24.663,67.659
0.973,2.140,24.670,67.682
1.077,2.140,24.682,67.725
1.180,2.140,24.701,67.787
1.283,2.140,24.725,67.868
1.387,2.140,24.754,67.963
1.490,2.140,24.787,68.070
1.593,2.140,24.822,68.185
1.697,2.140,24.858,68.302
1.800,2.140,24.895,68.419
1.903,2.140,24.931,68.532
2.007,2.140,24.966,68.641
2.110,2.140,25.000,68.744
2.213,2.140,25.032,68.842
2.317,2.140,25.064,68.934
2.420,2.140,25.094,69.022
2.523,2.140,25.125,69.107
2.627,2.140,25.154,69.189
2.730,2.140,25.184,69.270
2.833,2.140,25.214,69.351
2.937,2.140,25.244,69.433
3.040,2.140,25.275,69.517
3.143,2.140,25.308,69.605
3.247,2.140,25.342,69.697
3.350,2.140,25.378,69.796
3.453,2.140,25.417,69.900
3.557,2.140,25.457,70.011
3.660,2.140,25.500,70.129
3.763,2.140,25.545,70.252
3.867,2.140,25.592,70.381
3.970,2.140,25.640,70.514
4.073,2.140,25.689,70.651
4.177,2.140,25.739,70.790
4.280,2.140,25.789,70.933
4.383,2.140,25.840,71.078
4.487,2.140,25.892,71.224
4.590,2.140,25.943,71.372
4.693,2.140,25.995,71.520
4.797,2.140,26.046,71.668
4.900,2.140,26.096,71.813
5.003,2.140,26.145,71.954
5.107,2.140,26.192,72.089
5.210,2.140,26.236,72.216
5.313,2.140,26.277,72.334
5.417,2.140,26.315,72.440
5.520,2.140,26.349,72.534
5.623,2.140,26.378,72.616
5.727,2.140,26.404,72.684
5.830,2.140,26.425,72.739
5.933,2.140,26.441,72.779
6.037,2.140,26.452,72.804
6.140,2.140,26.457,72.815
6.243,2.140,26.457,72.811
6.347,2.140,26.453,72.794
6.450,2.140,26.444,72.765
0.250,2.275,24.659,67.631
0.353,2.275,24.643,67.581
0.457,2.275,24.627,67.532
0.560,2.275,24.612,67.487
0.663,2.275,24.600,67.450
0.767,2.275,24.592,67.426
0.870,2.275,24.589,67.418
0.973,2.275,24.593,67.432
1.077,2.275,24.604,67.469
1.180,2.275,24.623,67.532
1.283,2.275,24.650,67.619
1.387,2.275,24.683,67.726
1.490,2.275,24.721,67.848
1.593,2.275,24.762,67.979
1.697,2.275,24.805,68.115
1.800,2.275,24.847,68.250
1.903,2.275,24.889,68.381
2.007,2.275,24.929,68.506
2.110,2.275,24.967,68.623
2.213,2.275,25.003,68.732
2.317,2.275,25.037,68.834
2.420,2.275,25.069,68.928
2.523,2.275,25.100,69.017
2.627,2.275,25.129,69.100
2.730,2.275,25.157,69.179
2.833,2.275,25.184,69.255
2.937,2.275,25.211,69.331
3.040,2.275,25.239,69.408
3.143,2.275,25.268,69.487
3.247,2.275,25.299,69.572
3.350,2.275,25.332,69.664
3.453,2.275,25.368,69.763
3.557,2.275,25.408,69.871
3.660,2.275,25.450,69.988
3.763,2.275,25.495,70.113
3.867,2.275,25.543,70.246
3.970,2.275,25.594,70.386
4.073,2.275,25.646,70.532
4.177,2.275,25.699,70.683
4.280,2.275,25.754,70.838
4.383,2.275,25.809,70.995
4.487,2.275,25.865,71.155
4.590,2.275,25.920,71.316
4.693,2.275,25.975,71.476
4.797,2.275,26.029,71.633
4.900,2.275,26.081,71.785
5.003,2.275,26.130,71.931
5.107,2.275,26.176,72.067
5.210,2.275,26.218,72.190
5.313,2.275,26.255,72.300
5.417,2.275,26.288,72.396
5.520,2.275,26.316,72.476
5.623,2.275,26.340,72.541
5.727,2.275,26.359,72.592
5.830,2.275,26.374,72.630
5.933,2.275,26.386,72.656
6.037,2.275,26.393,72.671
6.140,2.275,26.397,72.674
6.243,2.275,26.397,72.667
6.347,2.275,26.393,72.650
6.450,2.275,26.386,72.624
0.250,2.410,24.616,67.495
0.353,2.410,24.595,67.428
0.457,2.410,24.573,67.361
0.560,2.410,24.552,67.296
0.663,2.410,24.534,67.239
0.767,2.410,24.520,67.196
0.870,2.410,24.512,67.172
0.973,2.410,24.513,67.175
1.077,2.410,24.523,67.207
1.180,2.410,24.543,67.271
1.283,2.410,24.572,67.365
1.387,2.410,24.610,67.485
1.490,2.410,24.654,67.625
1.593,2.410,24.701,67.776
1.697,2.410,24.750,67.932
1.800,2.410,24.800,68.087
1.903,2.410,24.847,68.237
2.007,2.410,24.893,68.378
2.110,2.410,24.935,68.510
2.213,2.410,24.975,68.631
2.317,2.410,25.011,68.741
2.420,2.410,25.045,68.842
2.523,2.410,25.075,68.933
2.627,2.410,25.103,69.015
2.730,2.410,25.129,69.091
2.833,2.410,25.153,69.162
2.937,2.410,25.177,69.230
3.040,2.410,25.201,69.297
3.143,2.410,25.226,69.368
3.247,2.410,25.254,69.444
3.350,2.410,25.284,69.528
3.453,2.410,25.318,69.622
3.557,2.410,25.356,69.727
3.660,2.410,25.399,69.844
3.763,2.410,25.445,69.972
3.867,2.410,25.495,70.111
3.970,2.410,25.548,70.259
4.073,2.410,25.603,70.416
4.177,2.410,25.661,70.579
4.280,2.410,25.720,70.748
4.383,2.410,25.780,70.921
4.487,2.410,25.841,71.096
4.590,2.410,25.901,71.272
4.693,2.410,25.961,71.448
4.797,2.410,26.019,71.620
4.900,2.410,26.075,71.786
5.003,2.410,26.127,71.942
5.107,2.410,26.174,72.086
5.210,2.410,26.217,72.215
5.313,2.410,26.253,72.326
5.417,2.410,26.284,72.417
5.520,2.410,26.308,72.488
5.623,2.410,26.327,72.541
5.727,2.410,26.340,72.576
5.830,2.410,26.350,72.597
5.933,2.410,26.355,72.606
6.037,2.410,26.358,72.604
6.140,2.410,26.358,72.594
6.243,2.410,26.355,72.576
6.347,2.410,26.350,72.552
6.450,2.410,26.343,72.522
0.250,2.545,24.577,67.369
0.353,2.545,24.550,67.287
0.457,2.545,24.523,67.202
0.560,2.545,24.496,67.119
0.663,2.545,24.472,67.042
0.767,2.545,24.452,66.980
0.870,2.545,24.439,66.941
0.973,2.545,24.436,66.931
1.077,2.545,24.444,66.957
1.180,2.545,24.465,67.022
1.283,2.545,24.497,67.124
1.387,2.545,24.539,67.258
1.490,2.545,24.589,67.415
1.593,2.545,24.643,67.586
1.697,2.545,24.700,67.763
1.800,2.545,24.755,67.938
1.903,2.545,24.809,68.106
2.007,2.545,24.860,68.264
2.110,2.545,24.906,68.410
2.213,2.545,24.949,68.542
2.317,2.545,24.988,68.660
2.420,2.545,25.022,68.766
2.523,2.545,25.052,68.858
2.627,2.545,25.079,68.939
2.730,2.545,25.102,69.010
2.833,2.545,25.123,69.074
2.937,2.545,25.143,69.132
3.040,2.545,25.163,69.189
3.143,2.545,25.183,69.249
3.247,2.545,25.207,69.315
3.350,2.545,25.234,69.391
3.453,2.545,25.266,69.479
3.557,2.545,25.303,69.581
3.660,2.545,25.346,69.698
3.763,2.545,25.393,69.830
3.867,2.545,25.446,69.975
3.970,2.545,25.502,70.133
4.073,2.545,25.562,70.301
4.177,2.545,25.624,70.478
4.280,2.545,25.688,70.662
4.383,2.545,25.754,70.852
4.487,2.545,25.821,71.046
4.590,2.545,25.887,71.241
4.693,2.545,25.953,71.436
4.797,2.545,26.017,71.628
4.900,2.545,26.078,71.814
5.003,2.545,26.135,71.988
5.107,2.545,26.187,72.148
5.210,2.545,26.233,72.289
5.313,2.545,26.271,72.407
5.417,2.545,26.301,72.501
5.520,2.545,26.323,72.568
5.623,2.545,26.338,72.611
5.727,2.545,26.346,72.631
5.830,2.545,26.349,72.633
5.933,2.545,26.348,72.620
6.037,2.545,26.344,72.598
6.140,2.545,26.338,72.568
6.243,2.545,26.331,72.534
6.347,2.545,26.322,72.496
6.450,2.545,26.312,72.455
0.250,2.680,24.543,67.262
0.353,2.680,24.512,67.167
0.457,2.680,24.481,67.069
0.560,2.680,24.449,66.970
0.663,2.680,24.420,66.878
0.767,2.680,24.395,66.799
0.870,2.680,24.378,66.745
0.973,2.680,24.371,66.724
1.077,2.680,24.377,66.744
1.180,2.680,24.398,66.809
1.283,2.680,24.432,66.917
1.387,2.680,24.479,67.063
1.490,2.680,24.533,67.235
1.593,2.680,24.594,67.424
1.697,2.680,24.656,67.619
1.800,2.680,24.717,67.812
1.903,2.680,24.776,67.997
2.007,2.680,24.831,68.169
2.110,2.680,24.882,68.327
2.213,2.680,24.928,68.468
2.317,2.680,24.968,68.594
2.420,2.680,25.003,68.703
2.523,2.680,25.033,68.796
2.627,2.680,25.057,68.875
2.730,2.680,25.078,68.940
2.833,2.680,25.095,68.995
2.937,2.680,25.110,69.042
3.040,2.680,25.125,69.087
3.143,2.680,25.141,69.134
3.247,2.680,25.160,69.188
3.350,2.680,25.183,69.254
3.453,2.680,25.213,69.335
3.557,2.680,25.249,69.434
3.660,2.680,25.292,69.552
3.763,2.680,25.342,69.687
3.867,2.680,25.397,69.840
3.970,2.680,25.457,70.007
4.073,2.680,25.521,70.187
4.177,2.680,25.588,70.379
4.280,2.680,25.658,70.579
4.383,2.680,25.730,70.788
4.487,2.680,25.803,71.001
4.590,2.680,25.876,71.218
4.693,2.680,25.949,71.437
4.797,2.680,26.021,71.652
4.900,2.680,26.089,71.862
5.003,2.680,26.154,72.061
5.107,2.680,26.212,72.243
5.210,2.680,26.263,72.403
5.313,2.680,26.304,72.536
5.417,2.680,26.336,72.636
5.520,2.680,26.357,72.703
5.623,2.680,26.369,72.737
5.727,2.680,26.371,72.742
5.830,2.680,26.368,72.723
5.933,2.680,26.359,72.686
6.037,2.680,26.348,72.639
6.140,2.680,26.334,72.585
6.243,2.680,26.320,72.528
6.347,2.680,26.306,72.471
6.450,2.680,26.292,72.415
0.250,2.815,24.516,67.179
0.353,2.815,24.484,67.078
0.457,2.815,24.450,66.971
0.560,2.815,24.415,66.863
0.663,2.815,24.383,66.760
0.767,2.815,24.354,66.671
0.870,2.815,24.334,66.607
0.973,2.815,24.325,66.577
1.077,2.815,24.329,66.592
1.180,2.815,24.350,66.656
1.283,2.815,24.385,66.768
1.387,2.815,24.434,66.920
1.490,2.815,24.492,67.103
1.593,2.815,24.556,67.303
1.697,2.815,24.622,67.511
1.800,2.815,24.688,67.716
1.903,2.815,24.751,67.913
2.007,2.815,24.810,68.096
2.110,2.815,24.863,68.262
2.213,2.815,24.911,68.412
2.317,2.815,24.952,68.543
2.420,2.815,24.987,68.655
2.523,2.815,25.016,68.748
2.627,2.815,25.039,68.824
2.730,2.815,25.057,68.883
2.833,2.815,25.070,68.928
2.937,2.815,25.080,68.964
3.040,2.815,25.089,68.995
3.143,2.815,25.099,69.027
3.247,2.815,25.114,69.068
3.350,2.815,25.134,69.123
3.453,2.815,25.161,69.197
3.557,2.815,25.196,69.292
3.660,2.815,25.240,69.409
3.763,2.815,25.291,69.548
3.867,2.815,25.349,69.707
3.970,2.815,25.412,69.884
4.073,2.815,25.481,70.076
4.177,2.815,25.554,70.282
4.280,2.815,25.629,70.499
4.383,2.815,25.707,70.725
4.487,2.815,25.787,70.959
4.590,2.815,25.867,71.198
4.693,2.815,25.948,71.441
4.797,2.815,26.027,71.682
4.900,2.815,26.104,71.919
5.003,2.815,26.177,72.145
5.107,2.815,26.243,72.354
5.210,2.815,26.301,72.538
5.313,2.815,26.347,72.688
5.417,2.815,26.382,72.800
5.520,2.815,26.403,72.869
5.623,2.815,26.412,72.896
5.727,2.815,26.409,72.884
5.830,2.815,26.399,72.843
5.933,2.815,26.382,72.781
6.037,2.815,26.362,72.706
6.140,2.815,26.340,72.625
6.243,2.815,26.319,72.544
6.347,2.815,26.298,72.466
6.450,2.815,26.279,72.392
0.250,2.950,24.499,67.125
0.353,2.950,24.466,67.023
0.457,2.950,24.432,66.915
0.560,2.950,24.397,66.805
0.663,2.950,24.364,66.700
0.767,2.950,24.334,66.608
0.870,2.950,24.313,66.540
0.973,2.950,24.302,66.507
1.077,2.950,24.306,66.519
1.180,2.950,24.326,66.581
1.283,2.950,24.361,66.692
1.387,2.950,24.410,66.845
1.490,2.950,24.469,67.029
1.593,2.950,24.535,67.233
1.697,2.950,24.602,67.445
1.800,2.950,24.670,67.655
1.903,2.950,24.735,67.857
2.007,2.950,24.795,68.045
2.110,2.950,24.850,68.217
2.213,2.950,24.899,68.371
2.317,2.950,24.941,68.506
2.420,2.950,24.976,68.620
2.523,2.950,25.004,68.713
2.627,2.950,25.025,68.786
2.730,2.950,25.039,68.839
2.833,2.950,25.048,68.876
2.937,2.950,25.053,68.900
3.040,2.950,25.057,68.917
3.143,2.950,25.062,68.935
3.247,2.950,25.071,68.963
3.350,2.950,25.088,69.006
3.453,2.950,25.112,69.071
3.557,2.950,25.147,69.161
3.660,2.950,25.191,69.277
3.763,2.950,25.243,69.419
3.867,2.950,25.304,69.583
3.970,2.950,25.371,69.768
4.073,2.950,25.443,69.970
4.177,2.950,25.520,70.188
4.280,2.950,25.601,70.419
4.383,2.950,25.685,70.661
4.487,2.950,25.770,70.914
4.590,2.950,25.857,71.173
4.693,2.950,25.945,71.438
4.797,2.950,26.032,71.704
4.900,2.950,26.117,71.967
5.003,2.950,26.198,72.221
5.107,2.950,26.273,72.456
5.210,2.950,26.337,72.664
5.313,2.950,26.390,72.834
5.417,2.950,26.428,72.958
5.520,2.950,26.450,73.030
5.623,2.950,26.456,73.051
5.727,2.950,26.449,73.026
5.830,2.950,26.432,72.963
5.933,2.950,26.407,72.876
6.037,2.950,26.379,72.774
6.140,2.950,26.349,72.668
6.243,2.950,26.320,72.563
6.347,2.950,26.293,72.464
6.450,2.950,26.268,72.373
0.250,3.085,24.490,67.099
0.353,3.085,24.459,67.002
0.457,3.085,24.427,66.900
0.560,3.085,24.394,66.796
0.663,3.085,24.363,66.697
0.767,3.085,24.335,66.611
0.870,3.085,24.315,66.547
0.973,3.085,24.305,66.516
1.077,3.085,24.309,66.528
1.180,3.085,24.328,66.588
1.283,3.085,24.362,66.694
1.387,3.085,24.409,66.840
1.490,3.085,24.466,67.018
1.593,3.085,24.530,67.216
1.697,3.085,24.596,67.422
1.800,3.085,24.662,67.629
1.903,3.085,24.727,67.829
2.007,3.085,24.787,68.016
2.110,3.085,24.842,68.189
2.213,3.085,24.891,68.344
2.317,3.085,24.933,68.480
2.420,3.085,24.967,68.595
2.523,3.085,24.995,68.688
2.627,3.085,25.014,68.759
2.730,3.085,25.026,68.809
2.833,3.085,25.031,68.839
2.937,3.085,25.032,68.853
3.040,3.085,25.031,68.859
3.143,3.085,25.031,68.865
3.247,3.085,25.036,68.879
3.350,3.085,25.049,68.911
3.453,3.085,25.072,68.968
3.557,3.085,25.105,69.052
3.660,3.085,25.149,69.166
3.763,3.085,25.202,69.307
3.867,3.085,25.265,69.474
3.970,3.085,25.334,69.663
4.073,3.085,25.409,69.872
4.177,3.085,25.490,70.098
4.280,3.085,25.574,70.340
4.383,3.085,25.662,70.594
4.487,3.085,25.752,70.860
4.590,3.085,25.844,71.136
4.693,3.085,25.938,71.418
4.797,3.085,26.031,71.704
4.900,3.085,26.123,71.988
5.003,3.085,26.210,72.263
5.107,3.085,26.291,72.520
5.210,3.085,26.362,72.748
5.313,3.085,26.420,72.934
5.417,3.085,26.461,73.070
5.520,3.085,26.484,73.146
5.623,3.085,26.489,73.164
5.727,3.085,26.479,73.128
5.830,3.085,26.456,73.049
5.933,3.085,26.425,72.941
6.037,3.085,26.390,72.818
6.140,3.085,26.354,72.691
6.243,3.085,26.319,72.567
6.347,3.085,26.286,72.450
6.450,3.085,26.257,72.344
0.250,3.220,24.488,67.094
0.353,3.220,24.461,67.008
0.457,3.220,24.433,66.918
0.560,3.220,24.404,66.828
0.663,3.220,24.377,66.743
0.767,3.220,24.354,66.669
0.870,3.220,24.337,66.616
0.973,3.220,24.330,66.593
1.077,3.220,24.334,66.607
1.180,3.220,24.352,66.664
1.283,3.220,24.384,66.762
1.387,3.220,24.427,66.897
1.490,3.220,24.480,67.061
1.593,3.220,24.539,67.244
1.697,3.220,24.601,67.437
1.800,3.220,24.664,67.632
1.903,3.220,24.726,67.823
2.007,3.220,24.784,68.004
2.110,3.220,24.837,68.173
2.213,3.220,24.885,68.326
2.317,3.220,24.927,68.460
2.420,3.220,24.961,68.575
2.523,3.220,24.988,68.669
2.627,3.220,25.006,68.740
2.730,3.220,25.017,68.788
2.833,3.220,25.020,68.815
2.937,3.220,25.018,68.825
3.040,3.220,25.014,68.824
3.143,3.220,25.011,68.820
3.247,3.220,25.012,68.825
3.350,3.220,25.022,68.848
3.453,3.220,25.042,68.896
3.557,3.220,25.074,68.974
3.660,3.220,25.118,69.082
3.763,3.220,25.171,69.220
3.867,3.220,25.234,69.386
3.970,3.220,25.304,69.576
4.073,3.220,25.381,69.786
4.177,3.220,25.462,70.016
4.280,3.220,25.548,70.261
4.383,3.220,25.638,70.522
4.487,3.220,25.731,70.795
4.590,3.220,25.826,71.079
4.693,3.220,25.922,71.371
4.797,3.220,26.019,71.668
4.900,3.220,26.114,71.963
5.003,3.220,26.206,72.251
5.107,3.220,26.291,72.520
5.210,3.220,26.365,72.760
5.313,3.220,26.426,72.957
5.417,3.220,26.470,73.099
5.520,3.220,26.494,73.180
5.623,3.220,26.499,73.197
5.727,3.220,26.487,73.156
5.830,3.220,26.461,73.069
5.933,3.220,26.427,72.950
6.037,3.220,26.388,72.815
6.140,3.220,26.347,72.674
6.243,3.220,26.309,72.538
6.347,3.220,26.273,72.411
6.450,3.220,26.240,72.296
0.250,3.355,24.491,67.104
0.353,3.355,24.468,67.032
0.457,3.355,24.445,66.958
0.560,3.355,24.422,66.886
0.663,3.355,24.401,66.819
0.767,3.355,24.383,66.763
0.870,3.355,24.371,66.725
0.973,3.355,24.367,66.712
1.077,3.355,24.373,66.730
1.180,3.355,24.391,66.784
1.283,3.355,24.419,66.872
1.387,3.355,24.458,66.992
1.490,3.355,24.505,67.138
1.593,3.355,24.558,67.301
1.697,3.355,24.615,67.476
1.800,3.355,24.672,67.654
1.903,3.355,24.729,67.831
2.007,3.355,24.784,68.001
2.110,3.355,24.835,68.162
2.213,3.355,24.882,68.310
2.317,3.355,24.922,68.442
2.420,3.355,24.956,68.556
2.523,3.355,24.982,68.650
2.627,3.355,25.000,68.722
2.730,3.355,25.011,68.772
2.833,3.355,25.014,68.801
2.937,3.355,25.011,68.811
3.040,3.355,25.006,68.809
3.143,3.355,25.001,68.803
3.247,3.355,25.001,68.803
3.350,3.355,25.009,68.819
3.453,3.355,25.028,68.860
3.557,3.355,25.058,68.931
3.660,3.355,25.100,69.032
3.763,3.355,25.152,69.163
3.867,3.355,25.213,69.323
3.970,3.355,25.282,69.507
4.073,3.355,25.358,69.714
4.177,3.355,25.439,69.940
4.280,3.355,25.524,70.184
4.383,3.355,25.613,70.443
4.487,3.355,25.706,70.716
4.590,3.355,25.801,71.000
4.693,3.355,25.898,71.293
4.797,3.355,25.995,71.590
4.900,3.355,26.090,71.886
5.003,3.355,26.182,72.173
5.107,3.355,26.267,72.443
5.210,3.355,26.342,72.683
5.313,3.355,26.403,72.881
5.417,3.355,26.447,73.026
5.520,3.355,26.473,73.109
5.623,3.355,26.479,73.129
5.727,3.355,26.467,73.090
5.830,3.355,26.442,73.004
5.933,3.355,26.407,72.885
6.037,3.355,26.368,72.748
6.140,3.355,26.327,72.605
6.243,3.355,26.287,72.466
6.347,3.355,26.250,72.337
6.450,3.355,26.217,72.220
0.250,3.490,24.494,67.117
0.353,3.490,24.476,67.060
0.457,3.490,24.458,67.004
0.560,3.490,24.442,66.950
0.663,3.490,24.427,66.903
0.767,3.490,24.415,66.865
0.870,3.490,24.409,66.843
0.973,3.490,24.408,66.842
1.077,3.490,24.416,66.865
1.180,3.490,24.433,66.916
1.283,3.490,24.458,66.995
1.387,3.490,24.492,67.100
1.490,3.490,24.534,67.226
1.593,3.490,24.580,67.369
1.697,3.490,24.631,67.523
1.800,3.490,24.683,67.683
1.903,3.490,24.735,67.844
2.007,3.490,24.786,68.001
2.110,3.490,24.834,68.151
2.213,3.490,24.878,68.291
2.317,3.490,24.917,68.419
2.420,3.490,24.950,68.531
2.523,3.490,24.976,68.625
2.627,3.490,24.995,68.700
2.730,3.490,25.006,68.754
2.833,3.490,25.011,68.788
2.937,3.490,25.010,68.804
3.040,3.490,25.006,68.807
3.143,3.490,25.003,68.804
3.247,3.490,25.003,68.805
3.350,3.490,25.011,68.820
3.453,3.490,25.028,68.856
3.557,3.490,25.056,68.919
3.660,3.490,25.095,69.012
3.763,3.490,25.144,69.134
3.867,3.490,25.202,69.283
3.970,3.490,25.268,69.457
4.073,3.490,25.340,69.654
4.177,3.490,25.418,69.872
4.280,3.490,25.501,70.107
4.383,3.490,25.588,70.359
4.487,3.490,25.678,70.623
4.590,3.490,25.770,70.899
4.693,3.490,25.864,71.183
4.797,3.490,25.958,71.470
4.900,3.490,26.050,71.755
5.003,3.490,26.138,72.032
5.107,3.490,26.220,72.290
5.210,3.490,26.292,72.519
5.313,3.490,26.351,72.709
5.417,3.490,26.394,72.850
5.520,3.490,26.420,72.933
5.623,3.490,26.428,72.958
5.727,3.490,26.419,72.926
5.830,3.490,26.396,72.850
5.933,3.490,26.365,72.740
6.037,3.490,26.328,72.612
6.140,3.490,26.289,72.478
6.243,3.490,26.252,72.347
6.347,3.490,26.217,72.224
6.450,3.490,26.185,72.113
0.250,3.625,24.494,67.122
0.353,3.625,24.480,67.079
0.457,3.625,24.468,67.039
0.560,3.625,24.457,67.003
0.663,3.625,24.448,66.973
0.767,3.625,24.442,66.953
0.870,3.625,24.440,66.946
0.973,3.625,24.443,66.954
1.077,3.625,24.453,66.982
1.180,3.625,24.469,67.032
1.283,3.625,24.492,67.103
1.387,3.625,24.523,67.194
1.490,3.625,24.559,67.304
1.593,3.625,24.600,67.429
1.697,3.625,24.645,67.564
1.800,3.625,24.691,67.706
1.903,3.625,24.739,67.851
2.007,3.625,24.786,67.995
2.110,3.625,24.830,68.135
2.213,3.625,24.872,68.266
2.317,3.625,24.910,68.388
2.420,3.625,24.942,68.497
2.523,3.625,24.969,68.590
2.627,3.625,24.989,68.667
2.730,3.625,25.002,68.727
2.833,3.625,25.010,68.768
2.937,3.625,25.012,68.793
3.040,3.625,25.012,68.805
3.143,3.625,25.011,68.811
3.247,3.625,25.013,68.818
3.350,3.625,25.022,68.836
3.453,3.625,25.038,68.870
3.557,3.625,25.065,68.927
3.660,3.625,25.100,69.011
3.763,3.625,25.146,69.121
3.867,3.625,25.199,69.257
3.970,3.625,25.260,69.418
4.073,3.625,25.328,69.602
4.177,3.625,25.401,69.806
4.280,3.625,25.479,70.028
4.383,3.625,25.561,70.267
4.487,3.625,25.647,70.518
4.590,3.625,25.734,70.779
4.693,3.625,25.823,71.047
4.797,3.625,25.911,71.317
4.900,3.625,25.997,71.583
5.003,3.625,26.079,71.839
5.107,3.625,26.155,72.077
5.210,3.625,26.221,72.288
5.313,3.625,26.276,72.462
5.417,3.625,26.317,72.593
5.520,3.625,26.342,72.673
5.623,3.625,26.351,72.701
5.727,3.625,26.346,72.680
5.830,3.625,26.328,72.618
5.933,3.625,26.302,72.526
6.037,3.625,26.270,72.416
6.140,3.625,26.237,72.299
6.243,3.625,26.204,72.184
6.347,3.625,26.173,72.075
6.450,3.625,26.146,71.977
0.250,3.760,24.487,67.110
0.353,3.760,24.477,67.077
0.457,3.760,24.468,67.049
0.560,3.760,24.461,67.026
0.663,3.760,24.457,67.011
0.767,3.760,24.456,67.005
0.870,3.760,24.458,67.009
0.973,3.760,24.464,67.027
1.077,3.760,24.476,67.060
1.180,3.760,24.492,67.109
1.283,3.760,24.515,67.175
1.387,3.760,24.542,67.258
1.490,3.760,24.575,67.356
1.593,3.760,24.612,67.467
1.697,3.760,24.653,67.588
1.800,3.760,24.696,67.716
1.903,3.760,24.739,67.847
2.007,3.760,24.783,67.979
2.110,3.760,24.825,68.108
2.213,3.760,24.864,68.231
2.317,3.760,24.900,68.346
2.420,3.760,24.932,68.451
2.523,3.760,24.959,68.543
2.627,3.760,24.980,68.621
2.730,3.760,24.996,68.685
2.833,3.760,25.007,68.733
2.937,3.760,25.013,68.768
3.040,3.760,25.017,68.791
3.143,3.760,25.021,68.808
3.247,3.760,25.026,68.824
3.350,3.760,25.036,68.847
3.453,3.760,25.053,68.882
3.557,3.760,25.077,68.936
3.660,3.760,25.110,69.011
3.763,3.760,25.151,69.110
3.867,3.760,25.199,69.234
3.970,3.760,25.255,69.380
4.073,3.760,25.317,69.549
4.177,3.760,25.385,69.738
4.280,3.760,25.457,69.945
4.383,3.760,25.534,70.167
4.487,3.760,25.613,70.401
4.590,3.760,25.695,70.645
4.693,3.760,25.777,70.893
4.797,3.760,25.858,71.141
4.900,3.760,25.937,71.384
5.003,3.760,26.011,71.615
5.107,3.760,26.079,71.828
5.210,3.760,26.139,72.016
5.313,3.760,26.188,72.171
5.417,3.760,26.225,72.288
5.520,3.760,26.249,72.362
5.623,3.760,26.259,72.392
5.727,3.760,26.257,72.381
5.830,3.760,26.245,72.335
5.933,3.760,26.225,72.264
6.037,3.760,26.201,72.176
6.140,3.760,26.174,72.081
6.243,3.760,26.148,71.987
6.347,3.760,26.123,71.899
6.450,3.760,26.100,71.818
0.250,3.895,24.471,67.072
0.353,3.895,24.463,67.045
0.457,3.895,24.456,67.024
0.560,3.895,24.452,67.010
0.663,3.895,24.451,67.004
0.767,3.895,24.452,67.007
0.870,3.895,24.458,67.021
0.973,3.895,24.467,67.046
1.077,3.895,24.480,67.084
1.180,3.895,24.498,67.135
1.283,3.895,24.521,67.201
1.387,3.895,24.548,67.280
1.490,3.895,24.580,67.372
1.593,3.895,24.615,67.475
1.697,3.895,24.653,67.587
1.800,3.895,24.693,67.705
1.903,3.895,24.735,67.827
2.007,3.895,24.776,67.949
2.110,3.895,24.816,68.070
2.213,3.895,24.854,68.185
2.317,3.895,24.889,68.293
2.420,3.895,24.920,68.393
2.523,3.895,24.947,68.482
2.627,3.895,24.969,68.559
2.730,3.895,24.987,68.625
2.833,3.895,25.001,68.679
2.937,3.895,25.011,68.721
3.040,3.895,25.019,68.754
3.143,3.895,25.027,68.781
3.247,3.895,25.036,68.806
3.350,3.895,25.048,68.835
3.453,3.895,25.065,68.873
3.557,3.895,25.088,68.925
3.660,3.895,25.118,68.995
3.763,3.895,25.155,69.085
3.867,3.895,25.198,69.197
3.970,3.895,25.249,69.331
4.073,3.895,25.305,69.486
4.177,3.895,25.367,69.660
4.280,3.895,25.434,69.852
4.383,3.895,25.504,70.058
4.487,3.895,25.578,70.275
4.590,3.895,25.653,70.500
4.693,3.895,25.728,70.729
4.797,3.895,25.802,70.955
4.900,3.895,25.874,71.174
5.003,3.895,25.941,71.381
5.107,3.895,26.001,71.569
5.210,3.895,26.054,71.733
5.313,3.895,26.097,71.868
5.417,3.895,26.130,71.969
5.520,3.895,26.152,72.035
5.623,3.895,26.163,72.065
5.727,3.895,26.164,72.062
5.830,3.895,26.157,72.031
5.933,3.895,26.143,71.979
6.037,3.895,26.126,71.914
6.140,3.895,26.106,71.843
6.243,3.895,26.087,71.773
6.347,3.895,26.069,71.708
6.450,3.895,26.052,71.648
0.250,4.030,24.445,67.006
0.353,4.030,24.436,66.978
0.457,4.030,24.430,66.958
0.560,4.030,24.426,66.946
0.663,4.030,24.426,66.944
0.767,4.030,24.429,66.952
0.870,4.030,24.437,66.972
0.973,4.030,24.448,67.004
1.077,4.030,24.464,67.048
1.180,4.030,24.485,67.105
1.283,4.030,24.509,67.174
1.387,4.030,24.538,67.255
1.490,4.030,24.570,67.347
1.593,4.030,24.606,67.449
1.697,4.030,24.644,67.558
1.800,4.030,24.684,67.672
1.903,4.030,24.724,67.788
2.007,4.030,24.764,67.905
2.110,4.030,24.803,68.018
2.213,4.030,24.840,68.127
2.317,4.030,24.874,68.229
2.420,4.030,24.905,68.323
2.523,4.030,24.932,68.407
2.627,4.030,24.955,68.482
2.730,4.030,24.974,68.546
2.833,4.030,24.990,68.601
2.937,4.030,25.003,68.647
3.040,4.030,25.015,68.686
3.143,4.030,25.026,68.720
3.247,4.030,25.037,68.752
3.350,4.030,25.051,68.786
3.453,4.030,25.069,68.827
3.557,4.030,25.091,68.880
3.660,4.030,25.119,68.947
3.763,4.030,25.152,69.032
3.867,4.030,25.192,69.136
3.970,4.030,25.238,69.261
4.073,4.030,25.289,69.405
4.177,4.030,25.346,69.567
4.280,4.030,25.407,69.746
4.383,4.030,25.473,69.939
4.487,4.030,25.541,70.141
4.590,4.030,25.610,70.350
4.693,4.030,25.679,70.560
4.797,4.030,25.747,70.767
4.900,4.030,25.812,70.966
5.003,4.030,25.872,71.151
5.107,4.030,25.927,71.318
5.210,4.030,25.974,71.461
5.313,4.030,26.012,71.579
5.417,4.030,26.042,71.667
5.520,4.030,26.062,71.725
5.623,4.030,26.073,71.754
5.727,4.030,26.076,71.756
5.830,4.030,26.073,71.736
5.933,4.030,26.064,71.701
6.037,4.030,26.053,71.656
6.140,4.030,26.041,71.608
6.243,4.030,26.028,71.561
6.347,4.030,26.017,71.517
6.450,4.030,26.006,71.479
0.250,4.165,24.409,66.910
0.353,4.165,24.398,66.876
0.457,4.165,24.389,66.851
0.560,4.165,24.384,66.836
0.663,4.165,24.383,66.832
0.767,4.165,24.386,66.841
0.870,4.165,24.395,66.864
0.973,4.165,24.409,66.902
1.077,4.165,24.428,66.953
1.180,4.165,24.452,67.019
1.283,4.165,24.480,67.097
1.387,4.165,24.512,67.186
1.490,4.165,24.548,67.284
1.593,4.165,24.586,67.390
1.697,4.165,24.626,67.502
1.800,4.165,24.667,67.617
1.903,4.165,24.708,67.732
2.007,4.165,24.749,67.846
2.110,4.165,24.787,67.955
2.213,4.165,24.824,68.059
2.317,4.165,24.857,68.155
2.420,4.165,24.888,68.242
2.523,4.165,24.914,68.320
2.627,4.165,24.937,68.389
2.730,4.165,24.957,68.449
2.833,4.165,24.974,68.501
2.937,4.165,24.989,68.546
3.040,4.165,25.002,68.585
3.143,4.165,25.015,68.621
3.247,4.165,25.028,68.655
3.350,4.165,25.043,68.693
3.453,4.165,25.061,68.737
3.557,4.165,25.082,68.790
3.660,4.165,25.109,68.857
3.763,4.165,25.140,68.940
3.867,4.165,25.177,69.042
3.970,4.165,25.219,69.161
4.073,4.165,25.267,69.299
4.177,4.165,25.320,69.455
4.280,4.165,25.378,69.626
4.383,4.165,25.439,69.809
4.487,4.165,25.502,70.000
4.590,4.165,25.567,70.197
4.693,4.165,25.632,70.394
4.797,4.165,25.695,70.586
4.900,4.165,25.755,70.769
5.003,4.165,25.810,70.938
5.107,4.165,25.860,71.089
5.210,4.165,25.903,71.218
5.313,4.165,25.938,71.322
5.417,4.165,25.965,71.401
5.520,4.165,25.984,71.453
5.623,4.165,25.995,71.480
5.727,4.165,26.001,71.487
5.830,4.165,26.000,71.476
5.933,4.165,25.997,71.454
6.037,4.165,25.991,71.426
6.140,4.165,25.984,71.396
6.243,4.165,25.977,71.369
6.347,4.165,25.971,71.345
6.450,4.165,25.965,71.324
0.250,4.300,24.364,66.790
0.353,4.300,24.348,66.745
0.457,4.300,24.336,66.709
0.560,4.300,24.327,66.684
0.663,4.300,24.323,66.674
0.767,4.300,24.326,66.680
0.870,4.300,24.335,66.704
0.973,4.300,24.351,66.747
1.077,4.300,24.373,66.807
1.180,4.300,24.401,66.884
1.283,4.300,24.435,66.975
1.387,4.300,24.472,67.077
1.490,4.300,24.513,67.187
1.593,4.300,24.556,67.304
1.697,4.300,24.600,67.423
1.800,4.300,24.644,67.544
1.903,4.300,24.687,67.662
2.007,4.300,24.729,67.776
2.110,4.300,24.769,67.883
2.213,4.300,24.806,67.982
2.317,4.300,24.839,68.073
2.420,4.300,24.869,68.153
2.523,4.300,24.895,68.223
2.627,4.300,24.917,68.284
2.730,4.300,24.936,68.335
2.833,4.300,24.953,68.379
2.937,4.300,24.968,68.417
3.040,4.300,24.981,68.451
3.143,4.300,24.994,68.482
3.247,4.300,25.007,68.515
3.350,4.300,25.022,68.552
3.453,4.300,25.040,68.596
3.557,4.300,25.061,68.652
3.660,4.300,25.086,68.721
3.763,4.300,25.116,68.806
3.867,4.300,25.151,68.908
3.970,4.300,25.192,69.029
4.073,4.300,25.238,69.166
4.177,4.300,25.289,69.320
4.280,4.300,25.344,69.488
4.383,4.300,25.402,69.667
4.487,4.300,25.463,69.853
4.590,4.300,25.525,70.043
4.693,4.300,25.586,70.232
4.797,4.300,25.646,70.415
4.900,4.300,25.703,70.588
5.003,4.300,25.755,70.748
5.107,4.300,25.802,70.889
5.210,4.300,25.843,71.010
5.313,4.300,25.877,71.107
5.417,4.300,25.903,71.181
5.520,4.300,25.922,71.232
5.623,4.300,25.935,71.260
5.727,4.300,25.942,71.271
5.830,4.300,25.945,71.268
5.933,4.300,25.945,71.256
6.037,4.300,25.943,71.240
6.140,4.300,25.940,71.225
6.243,4.300,25.937,71.212
6.347,4.300,25.935,71.202
6.450,4.300,25.933,71.196
0.250,4.435,24.314,66.654
0.353,4.435,24.293,66.594
0.457,4.435,24.274,66.543
0.560,4.435,24.261,66.506
0.663,4.435,24.253,66.485
0.767,4.435,24.253,66.484
0.870,4.435,24.262,66.507
0.973,4.435,24.279,66.554
1.077,4.435,24.305,66.624
1.180,4.435,24.339,66.714
1.283,4.435,24.378,66.820
1.387,4.435,24.423,66.939
1.490,4.435,24.470,67.066
1.593,4.435,24.519,67.197
1.697,4.435,24.568,67.329
1.800,4.435,24.616,67.458
1.903,4.435,24.663,67.581
2.007,4.435,24.707,67.698
2.110,4.435,24.748,67.805
2.213,4.435,24.786,67.901
2.317,4.435,24.819,67.986
2.420,4.435,24.849,68.059
2.523,4.435,24.874,68.119
2.627,4.435,24.895,68.169
2.730,4.435,24.913,68.209
2.833,4.435,24.928,68.240
2.937,4.435,24.940,68.265
3.040,4.435,24.952,68.287
3.143,4.435,24.963,68.308
3.247,4.435,24.975,68.333
3.350,4.435,24.989,68.365
3.453,4.435,25.005,68.408
3.557,4.435,25.025,68.464
3.660,4.435,25.050,68.537
3.763,4.435,25.080,68.628
3.867,4.435,25.115,68.736
3.970,4.435,25.155,68.863
4.073,4.435,25.201,69.006
4.177,4.435,25.251,69.164
4.280,4.435,25.306,69.335
4.383,4.435,25.363,69.515
4.487,4.435,25.423,69.702
4.590,4.435,25.483,69.890
4.693,4.435,25.543,70.076
4.797,4.435,25.602,70.257
4.900,4.435,25.657,70.426
5.003,4.435,25.709,70.582
5.107,4.435,25.755,70.721
5.210,4.435,25.795,70.839
5.313,4.435,25.829,70.936
5.417,4.435,25.857,71.011
5.520,4.435,25.877,71.065
5.623,4.435,25.892,71.098
5.727,4.435,25.902,71.115
5.830,4.435,25.908,71.119
5.933,4.435,25.911,71.116
6.037,4.435,25.911,71.110
6.140,4.435,25.912,71.104
6.243,4.435,25.911,71.100
6.347,4.435,25.911,71.099
6.450,4.435,25.911,71.101
0.250,4.570,24.263,66.516
0.353,4.570,24.235,66.439
0.457,4.570,24.211,66.372
0.560,4.570,24.191,66.318
0.663,4.570,24.179,66.285
0.767,4.570,24.176,66.276
0.870,4.570,24.184,66.296
0.973,4.570,24.202,66.345
1.077,4.570,24.231,66.424
1.180,4.570,24.270,66.527
1.283,4.570,24.316,66.651
1.387,4.570,24.368,66.788
1.490,4.570,24.422,66.933
1.593,4.570,24.478,67.081
1.697,4.570,24.533,67.226
1.800,4.570,24.587,67.366
1.903,4.570,24.638,67.497
2.007,4.570,24.685,67.618
2.110,4.570,24.728,67.726
2.213,4.570,24.766,67.819
2.317,4.570,24.800,67.899
2.420,4.570,24.829,67.963
2.523,4.570,24.853,68.013
2.627,4.570,24.872,68.049
2.730,4.570,24.887,68.073
2.833,4.570,24.899,68.087
2.937,4.570,24.909,68.094
3.040,4.570,24.917,68.098
3.143,4.570,24.924,68.104
3.247,4.570,24.933,68.115
3.350,4.570,24.944,68.138
3.453,4.570,24.959,68.177
3.557,4.570,24.978,68.234
3.660,4.570,25.002,68.312
3.763,4.570,25.033,68.411
3.867,4.570,25.069,68.530
3.970,4.570,25.110,68.667
4.073,4.570,25.157,68.821
4.177,4.570,25.209,68.989
4.280,4.570,25.264,69.169
4.383,4.570,25.322,69.356
4.487,4.570,25.382,69.547
4.590,4.570,25.443,69.740
4.693,4.570,25.503,69.929
4.797,4.570,25.561,70.111
4.900,4.570,25.617,70.282
5.003,4.570,25.669,70.440
5.107,4.570,25.716,70.581
5.210,4.570,25.758,70.704
5.313,4.570,25.794,70.806
5.417,4.570,25.824,70.887
5.520,4.570,25.848,70.947
5.623,4.570,25.866,70.989
5.727,4.570,25.879,71.015
5.830,4.570,25.887,71.028
5.933,4.570,25.893,71.032
6.037,4.570,25.896,71.033
6.140,4.570,25.898,71.032
6.243,4.570,25.899,71.033
6.347,4.570,25.899,71.035
6.450,4.570,25.899,71.040
0.250,4.705,24.216,66.388
0.353,4.705,24.183,66.296
0.457,4.705,24.152,66.213
0.560,4.705,24.128,66.145
0.663,4.705,24.111,66.099
0.767,4.705,24.104,66.082
0.870,4.705,24.110,66.097
0.973,4.705,24.129,66.148
1.077,4.705,24.161,66.233
1.180,4.705,24.204,66.348
1.283,4.705,24.256,66.487
1.387,4.705,24.315,66.642
1.490,4.705,24.376,66.804
1.593,4.705,24.438,66.968
1.697,4.705,24.500,67.127
1.800,4.705,24.558,67.278
1.903,4.705,24.613,67.417
2.007,4.705,24.663,67.541
2.110,4.705,24.709,67.650
2.213,4.705,24.748,67.741
2.317,4.705,24.782,67.815
2.420,4.705,24.810,67.870
2.523,4.705,24.832,67.908
2.627,4.705,24.849,67.929
2.730,4.705,24.862,67.935
2.833,4.705,24.870,67.929
2.937,4.705,24.875,67.914
3.040,4.705,24.878,67.896
3.143,4.705,24.880,67.880
3.247,4.705,24.884,67.874
3.350,4.705,24.892,67.885
3.453,4.705,24.904,67.917
3.557,4.705,24.921,67.974
3.660,4.705,24.946,68.058
3.763,4.705,24.977,68.167
3.867,4.705,25.015,68.299
3.970,4.705,25.059,68.452
4.073,4.705,25.109,68.621
4.177,4.705,25.162,68.803
4.280,4.705,25.220,68.995
4.383,4.705,25.280,69.193
4.487,4.705,25.341,69.394
4.590,4.705,25.403,69.594
4.693,4.705,25.465,69.789
4.797,4.705,25.525,69.977
4.900,4.705,25.582,70.155
5.003,4.705,25.635,70.318
5.107,4.705,25.685,70.466
5.210,4.705,25.729,70.596
5.313,4.705,25.768,70.707
5.417,4.705,25.801,70.798
5.520,4.705,25.829,70.869
5.623,4.705,25.851,70.922
5.727,4.705,25.867,70.958
5.830,4.705,25.879,70.981
5.933,4.705,25.887,70.993
6.037,4.705,25.892,70.999
6.140,4.705,25.895,71.002
6.243,4.705,25.896,71.004
6.347,4.705,25.895,71.005
6.450,4.705,25.894,71.008
0.250,4.840,24.179,66.286
0.353,4.840,24.141,66.182
0.457,4.840,24.106,66.087
0.560,4.840,24.077,66.008
0.663,4.840,24.056,65.952
0.767,4.840,24.047,65.927
0.870,4.840,24.051,65.938
0.973,4.840,24.070,65.989
1.077,4.840,24.104,66.078
1.180,4.840,24.150,66.201
1.283,4.840,24.206,66.351
1.387,4.840,24.269,66.518
1.490,4.840,24.336,66.694
1.593,4.840,24.404,66.870
1.697,4.840,24.471,67.041
1.800,4.840,24.534,67.200
1.903,4.840,24.592,67.345
2.007,4.840,24.645,67.473
2.110,4.840,24.692,67.582
2.213,4.840,24.732,67.670
2.317,4.840,24.766,67.738
2.420,4.840,24.793,67.784
2.523,4.840,24.814,67.809
2.627,4.840,24.828,67.815
2.730,4.840,24.837,67.802
2.833,4.840,24.841,67.774
2.937,4.840,24.840,67.735
3.040,4.840,24.838,67.692
3.143,4.840,24.835,67.653
3.247,4.840,24.833,67.627
3.350,4.840,24.836,67.623
3.453,4.840,24.845,67.647
3.557,4.840,24.861,67.703
3.660,4.840,24.886,67.793
3.763,4.840,24.919,67.913
3.867,4.840,24.959,68.061
3.970,4.840,25.006,68.230
4.073,4.840,25.058,68.416
4.177,4.840,25.115,68.615
4.280,4.840,25.176,68.822
4.383,4.840,25.238,69.033
4.487,4.840,25.302,69.245
4.590,4.840,25.366,69.455
4.693,4.840,25.429,69.659
4.797,4.840,25.491,69.855
4.900,4.840,25.550,70.040
5.003,4.840,25.606,70.212
5.107,4.840,25.658,70.369
5.210,4.840,25.706,70.509
5.313,4.840,25.748,70.630
5.417,4.840,25.785,70.733
5.520,4.840,25.816,70.816
5.623,4.840,25.842,70.881
5.727,4.840,25.862,70.929
5.830,4.840,25.878,70.961
5.933,4.840,25.888,70.981
6.037,4.840,25.894,70.992
6.140,4.840,25.897,70.997
6.243,4.840,25.898,70.998
6.347,4.840,25.896,70.997
6.450,4.840,25.894,70.996
0.250,4.975,24.154,66.218
0.353,4.975,24.113,66.107
0.457,4.975,24.076,66.006
0.560,4.975,24.045,65.921
0.663,4.975,24.022,65.860
0.767,4.975,24.011,65.831
0.870,4.975,24.015,65.839
0.973,4.975,24.033,65.888
1.077,4.975,24.067,65.978
1.180,4.975,24.114,66.104
1.283,4.975,24.172,66.259
1.387,4.975,24.238,66.432
1.490,4.975,24.309,66.615
1.593,4.975,24.380,66.799
1.697,4.975,24.449,66.976
1.800,4.975,24.515,67.141
1.903,4.975,24.576,67.289
2.007,4.975,24.631,67.418
2.110,4.975,24.679,67.526
2.213,4.975,24.720,67.610
2.317,4.975,24.753,67.671
2.420,4.975,24.779,67.709
2.523,4.975,24.798,67.722
2.627,4.975,24.810,67.712
2.730,4.975,24.815,67.681
2.833,4.975,24.814,67.633
2.937,4.975,24.809,67.572
3.040,4.975,24.801,67.506
3.143,4.975,24.792,67.444
3.247,4.975,24.785,67.399
3.350,4.975,24.783,67.380
3.453,4.975,24.789,67.395
3.557,4.975,24.804,67.450
3.660,4.975,24.828,67.544
3.763,4.975,24.862,67.675
3.867,4.975,24.905,67.836
3.970,4.975,24.955,68.021
4.073,4.975,25.010,68.223
4.177,4.975,25.070,68.437
4.280,4.975,25.134,68.658
4.383,4.975,25.199,68.882
4.487,4.975,25.265,69.106
4.590,4.975,25.331,69.325
4.693,4.975,25.397,69.539
4.797,4.975,25.460,69.743
4.900,4.975,25.522,69.937
5.003,4.975,25.580,70.117
5.107,4.975,25.634,70.283
5.210,4.975,25.685,70.432
5.313,4.975,25.730,70.565
5.417,4.975,25.771,70.678
5.520,4.975,25.806,70.774
5.623,4.975,25.835,70.850
5.727,4.975,25.858,70.908
5.830,4.975,25.876,70.950
5.933,4.975,25.888,70.977
6.037,4.975,25.896,70.992
6.140,4.975,25.899,70.999
6.243,4.975,25.900,71.000
6.347,4.975,25.898,70.996
6.450,4.975,25.894,70.991
0.250,5.110,24.144,66.190
0.353,5.110,24.103,66.079
0.457,5.110,24.066,65.978
0.560,5.110,24.035,65.893
0.663,5.110,24.012,65.832
0.767,5.110,24.001,65.802
0.870,5.110,24.003,65.809
0.973,5.110,24.021,65.857
1.077,5.110,24.054,65.945
1.180,5.110,24.101,66.069
1.283,5.110,24.159,66.221
1.387,5.110,24.225,66.394
1.490,5.110,24.296,66.577
1.593,5.110,24.367,66.761
1.697,5.110,24.438,66.938
1.800,5.110,24.504,67.103
1.903,5.110,24.566,67.251
2.007,5.110,24.621,67.378
2.110,5.110,24.670,67.483
2.213,5.110,24.710,67.563
2.317,5.110,24.743,67.618
2.420,5.110,24.769,67.647
2.523,5.110,24.786,67.649
2.627,5.110,24.795,67.627
2.730,5.110,24.797,67.582
2.833,5.110,24.793,67.517
2.937,5.110,24.783,67.438
3.040,5.110,24.770,67.353
3.143,5.110,24.757,67.275
3.247,5.110,24.746,67.214
3.350,5.110,24.740,67.183
3.453,5.110,24.743,67.191
3.557,5.110,24.756,67.243
3.660,5.110,24.780,67.340
3.763,5.110,24.815,67.477
3.867,5.110,24.859,67.647
3.970,5.110,24.911,67.843
4.073,5.110,24.969,68.058
4.177,5.110,25.031,68.284
4.280,5.110,25.097,68.516
4.383,5.110,25.164,68.750
4.487,5.110,25.232,68.982
4.590,5.110,25.300,69.210
4.693,5.110,25.367,69.430
4.797,5.110,25.432,69.641
4.900,5.110,25.495,69.842
5.003,5.110,25.555,70.029
5.107,5.110,25.612,70.203
5.210,5.110,25.664,70.360
5.313,5.110,25.712,70.501
5.417,5.110,25.755,70.624
5.520,5.110,25.793,70.729
5.623,5.110,25.825,70.815
5.727,5.110,25.851,70.882
5.830,5.110,25.870,70.932
5.933,5.110,25.885,70.966
6.037,5.110,25.893,70.986
6.140,5.110,25.898,70.995
6.243,5.110,25.898,70.996
6.347,5.110,25.896,70.992
6.450,5.110,25.892,70.984
0.250,5.245,24.148,66.202
0.353,5.245,24.110,66.096
0.457,5.245,24.074,66.001
0.560,5.245,24.045,65.921
0.663,5.245,24.024,65.865
0.767,5.245,24.014,65.838
0.870,5.245,24.017,65.846
0.973,5.245,24.034,65.891
1.077,5.245,24.066,65.975
1.180,5.245,24.110,66.093
1.283,5.245,24.166,66.238
1.387,5.245,24.230,66.404
1.490,5.245,24.298,66.580
1.593,5.245,24.368,66.757
1.697,5.245,24.437,66.929
1.800,5.245,24.502,67.089
1.903,5.245,24.563,67.232
2.007,5.245,24.618,67.355
2.110,5.245,24.665,67.454
2.213,5.245,24.705,67.529
2.317,5.245,24.737,67.578
2.420,5.245,24.761,67.600
2.523,5.245,24.777,67.595
2.627,5.245,24.785,67.564
2.730,5.245,24.785,67.509
2.833,5.245,24.778,67.434
2.937,5.245,24.766,67.345
3.040,5.245,24.750,67.250
3.143,5.245,24.734,67.162
3.247,5.245,24.720,67.093
3.350,5.245,24.712,67.055
3.453,5.245,24.713,67.058
3.557,5.245,24.725,67.108
3.660,5.245,24.748,67.203
3.763,5.245,24.783,67.341
3.867,5.245,24.827,67.515
3.970,5.245,24.879,67.715
4.073,5.245,24.938,67.934
4.177,5.245,25.001,68.166
4.280,5.245,25.067,68.403
4.383,5.245,25.136,68.642
4.487,5.245,25.204,68.879
4.590,5.245,25.273,69.110
4.693,5.245,25.341,69.335
4.797,5.245,25.407,69.550
4.900,5.245,25.470,69.754
5.003,5.245,25.531,69.946
5.107,5.245,25.589,70.124
5.210,5.245,25.642,70.287
5.313,5.245,25.692,70.434
5.417,5.245,25.736,70.563
5.520,5.245,25.776,70.675
5.623,5.245,25.809,70.768
5.727,5.245,25.837,70.842
5.830,5.245,25.858,70.898
5.933,5.245,25.874,70.938
6.037,5.245,25.884,70.963
6.140,5.245,25.889,70.976
6.243,5.245,25.890,70.979
6.347,5.245,25.889,70.976
6.450,5.245,25.885,70.968
0.250,5.380,24.166,66.249
0.353,5.380,24.131,66.153
0.457,5.380,24.099,66.067
0.560,5.380,24.073,65.996
0.663,5.380,24.055,65.948
0.767,5.380,24.047,65.926
0.870,5.380,24.051,65.936
0.973,5.380,24.068,65.980
1.077,5.380,24.097,66.058
1.180,5.380,24.139,66.167
1.283,5.380,24.191,66.302
1.387,5.380,24.250,66.455
1.490,5.380,24.314,66.619
1.593,5.380,24.380,66.785
1.697,5.380,24.446,66.946
1.800,5.380,24.508,67.097
1.903,5.380,24.567,67.232
2.007,5.380,24.619,67.347
2.110,5.380,24.665,67.440
2.213,5.380,24.703,67.510
2.317,5.380,24.734,67.553
2.420,5.380,24.757,67.570
2.523,5.380,24.771,67.561
2.627,5.380,24.778,67.526
2.730,5.380,24.777,67.467
2.833,5.380,24.770,67.389
2.937,5.380,24.757,67.298
3.040,5.380,24.740,67.203
3.143,5.380,24.724,67.114
3.247,5.380,24.710,67.045
3.350,5.380,24.701,67.006
3.453,5.380,24.702,67.007
3.557,5.380,24.712,67.053
3.660,5.380,24.734,67.145
3.763,5.380,24.767,67.278
3.867,5.380,24.810,67.448
3.970,5.380,24.862,67.644
4.073,5.380,24.919,67.861
4.177,5.380,24.982,68.090
4.280,5.380,25.047,68.326
4.383,5.380,25.115,68.563
4.487,5.380,25.183,68.799
4.590,5.380,25.251,69.030
4.693,5.380,25.318,69.254
4.797,5.380,25.383,69.469
4.900,5.380,25.447,69.674
5.003,5.380,25.508,69.866
5.107,5.380,25.565,70.046
5.210,5.380,25.619,70.211
5.313,5.380,25.669,70.360
5.417,5.380,25.714,70.493
5.520,5.380,25.754,70.608
5.623,5.380,25.788,70.706
5.727,5.380,25.817,70.785
5.830,5.380,25.839,70.846
5.933,5.380,25.856,70.891
6.037,5.380,25.867,70.921
6.140,5.380,25.874,70.938
6.243,5.380,25.876,70.945
6.347,5.380,25.875,70.944
6.450,5.380,25.872,70.938
0.250,5.515,24.194,66.325
0.353,5.515,24.163,66.240
0.457,5.515,24.136,66.166
0.560,5.515,24.114,66.106
0.663,5.515,24.100,66.067
0.767,5.515,24.094,66.052
0.870,5.515,24.099,66.065
0.973,5.515,24.116,66.107
1.077,5.515,24.143,66.179
1.180,5.515,24.181,66.279
1.283,5.515,24.229,66.400
1.387,5.515,24.283,66.539
1.490,5.515,24.341,66.687
1.593,5.515,24.402,66.838
1.697,5.515,24.463,66.985
1.800,5.515,24.521,67.123
1.903,5.515,24.576,67.247
2.007,5.515,24.625,67.354
2.110,5.515,24.668,67.440
2.213,5.515,24.705,67.503
2.317,5.515,24.734,67.542
2.420,5.515,24.756,67.556
2.523,5.515,24.769,67.546
2.627,5.515,24.776,67.511
2.730,5.515,24.775,67.455
2.833,5.515,24.768,67.381
2.937,5.515,24.756,67.296
3.040,5.515,24.742,67.208
3.143,5.515,24.726,67.127
3.247,5.515,24.714,67.064
3.350,5.515,24.706,67.029
3.453,5.515,24.707,67.031
3.557,5.515,24.717,67.074
3.660,5.515,24.738,67.160
3.763,5.515,24.769,67.285
3.867,5.515,24.810,67.445
3.970,5.515,24.858,67.631
4.073,5.515,24.913,67.838
4.177,5.515,24.973,68.058
4.280,5.515,25.036,68.285
4.383,5.515,25.102,68.515
4.487,5.515,25.168,68.744
4.590,5.515,25.234,68.970
4.693,5.515,25.299,69.189
4.797,5.515,25.363,69.400
4.900,5.515,25.425,69.601
5.003,5.515,25.485,69.791
5.107,5.515,25.541,69.968
5.210,5.515,25.594,70.132
5.313,5.515,25.643,70.281
5.417,5.515,25.688,70.414
5.520,5.515,25.728,70.531
5.623,5.515,25.762,70.630
5.727,5.515,25.791,70.712
5.830,5.515,25.814,70.777
5.933,5.515,25.832,70.826
6.037,5.515,25.845,70.861
6.140,5.515,25.852,70.883
6.243,5.515,25.856,70.894
6.347,5.515,25.857,70.898
6.450,5.515,25.855,70.895
0.250,5.650,24.230,66.421
0.353,5.650,24.204,66.349
0.457,5.650,24.181,66.287
0.560,5.650,24.164,66.239
0.663,5.650,24.153,66.209
0.767,5.650,24.150,66.201
0.870,5.650,24.156,66.216
0.973,5.650,24.172,66.257
1.077,5.650,24.198,66.323
1.180,5.650,24.232,66.412
1.283,5.650,24.275,66.520
1.387,5.650,24.323,66.643
1.490,5.650,24.376,66.774
1.593,5.650,24.431,66.908
1.697,5.650,24.486,67.040
1.800,5.650,24.539,67.164
1.903,5.650,24.589,67.276
2.007,5.650,24.634,67.373
2.110,5.650,24.675,67.451
2.213,5.650,24.709,67.508
2.317,5.650,24.736,67.544
2.420,5.650,24.757,67.557
2.523,5.650,24.771,67.548
2.627,5.650,24.777,67.518
2.730,5.650,24.778,67.468
2.833,5.650,24.772,67.404
2.937,5.650,24.763,67.331
3.040,5.650,24.751,67.256
3.143,5.650,24.739,67.188
3.247,5.650,24.729,67.136
3.350,5.650,24.724,67.109
3.453,5.650,24.726,67.114
3.557,5.650,24.736,67.155
3.660,5.650,24.756,67.235
3.763,5.650,24.785,67.349
3.867,5.650,24.822,67.496
3.970,5.650,24.868,67.667
4.073,5.650,24.919,67.859
4.177,5.650,24.975,68.064
4.280,5.650,25.034,68.278
4.383,5.650,25.096,68.495
4.487,5.650,25.159,68.713
4.590,5.650,25.222,68.929
4.693,5.650,25.284,69.139
4.797,5.650,25.346,69.342
4.900,5.650,25.405,69.536
5.003,5.650,25.463,69.720
5.107,5.650,25.517,69.893
5.210,5.650,25.569,70.052
5.313,5.650,25.616,70.198
5.417,5.650,25.660,70.329
5.520,5.650,25.699,70.445
5.623,5.650,25.733,70.545
5.727,5.650,25.761,70.628
5.830,5.650,25.785,70.696
5.933,5.650,25.803,70.748
6.037,5.650,25.817,70.787
6.140,5.650,25.827,70.814
6.243,5.650,25.832,70.830
6.347,5.650,25.834,70.839
6.450,5.650,25.834,70.841
